Job Title,Company Name,Employment Type,Salary,Location,Experience,Posted Time
"Senior Software Engineer, Full-stack",Runloop.ai,Full-time,$140k – $190k • 0.1% – 0.5%,San Francisco,3 years of exp,3 days ago
Software Engineer,Runloop.ai,Full-time,$145k – $195k • 0.1% – 0.5%,San Francisco,3 years of exp,3 days ago
"Software Engineer, AI",Runloop.ai,Full-time,$140k – $220k • 0.01% – 0.1%,Remote • New York City+1,4 years of exp,3 days ago
Software Engineer,Runloop.ai,Full-time,$120k – $180k • 0.01% – 0.1%,Remote • San Francisco+1,2 years of exp,3 days ago
Senior Software Engineer,Runloop.ai,Full-time,$180k – $240k • 0.05% – 0.1%,Remote • New York City+2,4 years of exp,3 days ago
Software Engineer,Runloop.ai,Full-time,$100k – $130k,Chicago,N/A,yesterday
Software Engineer,Runloop.ai,Full-time,$150k – $220k • 0.5% – 1.0%,San Francisco,2 years of exp,today
Software Engineer,Runloop.ai,Full-time,$140k – $220k • 0.01% – 0.2%,San Francisco • San Jose+2,2 years of exp,4 days ago
Software Engineer - Generalist,Runloop.ai,Full-time,$140k – $200k • 0.01% – 0.05%,Menlo Park,3 years of exp,2 months ago
Software Engineer - Flutter,Runloop.ai,Full-time,$150k – $230k • 0.01% – 0.1%,Remote • New York City+2,3 years of exp,4 months ago
Senior Software Engineer,Runloop.ai,Full-time,$118k – $231k,New York City,N/A,3 days ago
Software Engineer 3,Runloop.ai,Full-time,$101k – $198k,San Francisco,N/A,3 days ago
"Software Engineer, University Platform",Runloop.ai,Full-time,$101k – $198k,New York City,N/A,3 days ago
"Software Engineer, Controls",Runloop.ai,Full-time,$175k – $220k,Mountain View,N/A,4 days ago
"Software Engineer, Simulation",Runloop.ai,Full-time,$175k – $230k,Mountain View,N/A,3 months ago
"Software Engineer, Embedded",Runloop.ai,Full-time,$150k – $230k,Mountain View,N/A,11 months ago
Sales Engineer,Runloop.ai,Full-time,$110k – $130k,Remote • Redwood City,N/A,2 days ago
Software Engineer - Infrastructure,Runloop.ai,Full-time,$120k – $135k,Redwood City,N/A,3 days ago
Software Engineer,Runloop.ai,Full-time,$120k – $135k,Redwood City,N/A,1 month ago
Software Engineer,Runloop.ai,Full-time,$70k – $90k • 0.5% – 1.0%,New York City,5 years of exp,2 days ago
Software Engineer,Runloop.ai,Full-time,$160k – $230k,Remote • San Francisco,N/A,1 week ago
Principal Software Engineer,Runloop.ai,Full-time,$160k – $230k,Remote • San Francisco,N/A,2 months ago
Software Engineer,Runloop.ai,Full-time,$70k – $120k • 0.05% – 0.2%,Seattle,0 years of exp,1 week ago
"GNC (Guidance, Navigation, and Control) Engineer",Runloop.ai,Full-time,$100k – $170k • 0.05% – 0.15%,Seattle,5 years of exp,1 week ago
Navigation Engineer,Runloop.ai,Full-time,$90k – $150k • 0.1% – 0.15%,Seattle,3 years of exp,2 months ago
Principal Software Engineer,Runloop.ai,Full-time,$237k – $348k,San Francisco,N/A,3 days ago
Senior Software Engineer,Runloop.ai,Full-time,$146k – $220k,Mountain View,N/A,4 days ago
Software Engineer,Runloop.ai,Full-time,$146k – $170k,Mountain View,N/A,3 weeks ago
Software Engineer,Runloop.ai,Full-time,$125k – $222k,Mountain View,N/A,4 months ago
Senior Software Engineer,Runloop.ai,Full-time,$173k – $190k,New York City,N/A,today
Senior Software Engineer 2,Runloop.ai,Full-time,$208k – $215k,New York City,N/A,1 week ago
Senior Software Engineer -Platform,Runloop.ai,Full-time,$173k – $190k,New York City,N/A,1 week ago
"Software Engineer, Trust & Safety",Runloop.ai,Full-time,$150k – $300k,Menlo Park,N/A,4 days ago
"Software Engineer, UI",Runloop.ai,Full-time,$150k – $300k,Menlo Park,N/A,7 days ago
"Software Engineer, Growth",Runloop.ai,Full-time,$150k – $200k,Menlo Park,N/A,4 weeks ago
Software Engineer,Runloop.ai,Full-time,$150k – $190k,San Francisco,N/A,7 days ago
Senior Software Engineer,Runloop.ai,Full-time,$170k – $230k,Seattle,N/A,7 days ago
"Software Engineer, Service Infrastructure",Runloop.ai,Full-time,$135k – $185k,San Francisco,N/A,1 week ago
Software Engineer II,Runloop.ai,Full-time,$139k – $223k,Mountain View,N/A,yesterday
Senior Software Engineer,Runloop.ai,Full-time,Seattle,N/A,N/A,1 month ago
Senior Software Engineer,Runloop.ai,Full-time,Mountain View,N/A,N/A,1 month ago
Software Engineer (Remote),Runloop.ai,Full-time,$120k – $175k • 0.08% – 0.14%,Remote • United States,5 years of exp,3 days ago
"Senior Software Engineer, Growth",Runloop.ai,Full-time,Austin,N/A,N/A,2 days ago
Senior Software Engineer,Runloop.ai,Full-time,$250k – $300k,Austin,N/A,2 weeks ago
Staff Software Engineer,Runloop.ai,Full-time,$170k – $200k • 0.5% – 1.0%,Remote • Austin,5 years of exp,2 weeks ago
"Senior Software Engineer, Backend",Runloop.ai,Full-time,$180k – $260k,Remote • United States,N/A,yesterday
"Staff Software Engineer, Machine Learning Infrastructure",Runloop.ai,Full-time,$212k – $275k,Remote • United States,N/A,2 months ago
"Senior Software Engineer, Growth",Runloop.ai,Full-time,Austin,N/A,N/A,2 days ago
Senior Software Engineer,Runloop.ai,Full-time,$250k – $300k,Austin,N/A,2 weeks ago
Staff Software Engineer,Runloop.ai,Full-time,$170k – $200k • 0.5% – 1.0%,Remote • Austin,5 years of exp,2 weeks ago
AI Software Engineer,Runloop.ai,Full-time,$150k – $230k,Remote • Seattle,3 years of exp,4 days ago
Software Engineer,Runloop.ai,Full-time,$120k – $180k,Remote • Seattle,3 years of exp,5 days ago
Software Engineer (Remote),Runloop.ai,Full-time,$120k – $175k • 0.08% – 0.14%,Remote • United States,5 years of exp,3 days ago
"Senior Software Engineer, Backend",Runloop.ai,Full-time,$180k – $260k,Remote • United States,N/A,yesterday
"Staff Software Engineer, Machine Learning Infrastructure",Runloop.ai,Full-time,$212k – $275k,Remote • United States,N/A,2 months ago
Senior/Staff Software Engineer - Payer,Runloop.ai,Full-time,$140k – $350k,Remote • Canada+1,6 years of exp,2 weeks ago
Software Engineer,Runloop.ai,Full-time,$120k – $155k,Remote • United States,N/A,1 month ago
Senior/Staff Software Engineer - Provider,Runloop.ai,Full-time,$140k – $300k,Remote • United States,4 years of exp,5 months ago
Software Engineer (Senior),Runloop.ai,Full-time,$120k – $270k,San Francisco,N/A,2 weeks ago
Software Engineer - Professional Services,Runloop.ai,Full-time,$120k – $240k,San Francisco,N/A,2 months ago
Software Engineer - Payments,Runloop.ai,Full-time,$120k – $240k,San Francisco,N/A,3 months ago
Software Engineer,Runloop.ai,Full-time,$130k – $200k • 0.3% – 1.0%,New York City,2 years of exp,1 month ago
Software Engineer,Runloop.ai,Full-time,Remote • New York City+2,3 years of exp,N/A,1 week ago
Software Engineer,Runloop.ai,Full-time,$150k – $170k,Berkeley,5 years of exp,3 weeks ago
Principal Software Engineer,Runloop.ai,Full-time,$220k – $291k,San Francisco,N/A,2 weeks ago
"Senior Software Engineer, TV Games",Runloop.ai,Full-time,$165k – $220k,San Francisco,N/A,1 month ago
"Senior Software Engineer, AI Team",Runloop.ai,Full-time,$144k – $216k,San Francisco,N/A,3 months ago
Founding Software Engineer,Runloop.ai,Full-time,$90k – $170k • 1.0% – 10.0%,Remote • New York City,5 years of exp,1 week ago
Software Engineer II,Runloop.ai,Full-time,$115k – $150k,New York City,N/A,1 week ago
Senior Software Engineer,Runloop.ai,Full-time,$173k – $234k,New York City,N/A,2 months ago
Staff Software Engineer,Runloop.ai,Full-time,$201k – $271k,New York City,N/A,2 months ago
"Senior Software Engineer, AI",Runloop.ai,Full-time,$170k – $203k • 0.037% – 0.077%,Remote • San Francisco,6 years of exp,1 month ago
Senior Software Engineer,Runloop.ai,Full-time,$170k – $185k • 0.037% – 0.072%,Remote • San Francisco,5 years of exp,2 months ago
Software Engineer,Runloop.ai,Full-time,$125k – $175k,Remote • San Francisco,N/A,6 months ago
Senior Software Engineer,Runloop.ai,Full-time,United States,N/A,N/A,2 weeks ago
Software Engineer,Runloop.ai,Full-time,$120k – $190k • 0.0% – 1.0%,Redwood City,0 years of exp,1 month ago
Senior Software Engineer - Fullstack,Runloop.ai,Full-time,$150k – $220k,San Francisco,N/A,2 days ago
Senior Software Engineer - Fullstack,Runloop.ai,Full-time,$180k – $220k,New York City,N/A,2 days ago
Senior Software Engineer - Frontend,Runloop.ai,Full-time,$150k – $220k,San Francisco,N/A,2 days ago
Software Engineer - Data,Runloop.ai,Full-time,$150k – $200k • 0.8% – 1.3%,Remote • New York City,3 years of exp,1 week ago
Software Engineer,Runloop.ai,Full-time,$100k – $135k,Fort Meade,N/A,1 month ago
Software Engineer - SDK,Runloop.ai,Full-time,$175k – $235k,San Francisco,N/A,1 week ago
AI Integrations Engineer,Runloop.ai,Full-time,$175k – $235k,San Francisco,N/A,1 month ago
Sr Software Engineer,Runloop.ai,Full-time,$120k – $155k • No equity,Denver,4 years of exp,yesterday
Software Engineer,Runloop.ai,Full-time,$130k – $190k • 0.0% – 1.0%,New York City,1 year of exp,3 weeks ago
Senior Software Engineer - Entra ID,Runloop.ai,Full-time,Palo Alto,N/A,N/A,3 days ago
Software Engineer - GenAI,Runloop.ai,Full-time,Palo Alto,N/A,N/A,1 week ago
Software Engineer,Runloop.ai,Full-time,Palo Alto,N/A,N/A,1 month ago
Sr. Software Engineer,Runloop.ai,Full-time,$150k – $225k • 0.5% – 1.0%,Remote • New York City+1,1 year of exp,1 month ago
Software Engineer,Runloop.ai,Full-time,$120k – $180k • 0.25% – 0.5%,Remote • New York City+1,5 years of exp,1 month ago
"Software Engineer, Distributed Systems",Runloop.ai,Full-time,$170k – $230k,New York,N/A,yesterday
Graphics Software Engineer,Runloop.ai,Full-time,$150k – $220k,New York,N/A,1 month ago
"Software Engineer, Growth",Runloop.ai,Full-time,$165k – $215k,New York,3 years of exp,1 month ago
"Software Engineer, Infrastructure",Runloop.ai,Full-time,$142k – $231k,San Francisco,N/A,2 weeks ago
"Software Engineer, Full Stack",Runloop.ai,Full-time,$142k – $231k,San Francisco,4 years of exp,2 weeks ago
Technical Support Engineer - San Francisco,Runloop.ai,Full-time,San Francisco,N/A,N/A,2 months ago
Sr. Software Engineer,Runloop.ai,Full-time,Remote • Cincinnati,5 years of exp,N/A,1 week ago
Lead Software Engineer,Runloop.ai,Full-time,$175k – $250k,Remote • San Francisco,5 years of exp,1 month ago
Software Engineer,Runloop.ai,Full-time,$75k – $110k • 0.75% – 1.0%,Silicon Valley,1-4 year of exp,1 month ago
Senior Product Engineer/Manager,Runloop.ai,Full-time,$100k – $130k • 1.0% – 2.0%,Silicon Valley,8 years of exp,1 month ago
Senior Platform Architect/Engineer,Runloop.ai,Full-time,$100k – $130k • 1.0% – 2.0%,Remote • Silicon Valley,4 years of exp,1 month ago
Software Engineer,Runloop.ai,Full-time,$100k – $150k • No equity,Palo Alto,3 years of exp,2 weeks ago
Senior Software Engineer - Data Cloud,Runloop.ai,Full-time,$150k – $250k,Durham,N/A,7 days ago
Software Engineer II - Cloud,Runloop.ai,Full-time,$120k – $200k,Durham,N/A,2 weeks ago
"Software Engineer II, MDM",Runloop.ai,Full-time,$95k – $290k,Durham,N/A,3 months ago
"Software Engineer II, Growth",Runloop.ai,Full-time,$152k – $190k,San Francisco,N/A,today
"Software Engineer II, Growth",Runloop.ai,Full-time,$152k – $190k,New York City,N/A,today
"Senior Software Engineer, Product",Runloop.ai,Full-time,$192k – $240k,New York City,N/A,1 week ago
Experienced Software Engineer - Credit,Runloop.ai,Full-time,New York,N/A,N/A,yesterday
Experienced Software Engineer - Remember Me,Runloop.ai,Full-time,New York,N/A,N/A,1 week ago
Experienced Software Engineer - Fullstack,Runloop.ai,Full-time,San Francisco,N/A,N/A,3 months ago
Staff Software Engineer,Runloop.ai,Full-time,$60k – $120k • 0.0% – 0.4%,Remote • Sunnyvale,10 years of exp,2 weeks ago
Senior Software Engineer,Runloop.ai,Full-time,Lawrence,N/A,N/A,1 week ago
Senior Software Engineer,Runloop.ai,Full-time,$140k – $158k,Redwood City,N/A,1 week ago
Mobile Software Engineer - iOS,Runloop.ai,Full-time,Tysons,N/A,N/A,1 week ago
Software Engineer,Runloop.ai,Full-time,$80k – $150k,New York City,N/A,3 months ago
"Senior DevOps and Site Reliability Engineer, remote",Runloop.ai,Full-time,$170k – $210k • 0.01% – 1.0%,Remote • New York City,8 years of exp,4 years ago
Senior/Staff Software Engineer,Runloop.ai,Full-time,$145k – $188k,Berthoud,N/A,2 days ago
Embedded Software Engineer,Runloop.ai,Full-time,$85k – $135k,Berthoud,N/A,1 week ago
ERP Systems Developer,Runloop.ai,Full-time,$80k – $140k,Berthoud,N/A,4 months ago
"Software Engineer, Platform",Runloop.ai,Full-time,$150k – $170k,New York City,4 years of exp,1 week ago
Software Engineer - dYdX,Runloop.ai,Full-time,$130k – $180k,New York City,N/A,1 week ago
Senior Software Engineer - Backend,Runloop.ai,Full-time,$230k – $290k • 0.02% – 0.1%,Remote • New York City,5 years of exp,8 months ago
Staff Software Engineer,Runloop.ai,Full-time,$230k – $305k,Remote • New York City,N/A,2 years ago
Senior Staff Machine Learning Engineer (ML Platform),Runloop.ai,Full-time,$264k – $429k,Palo Alto,N/A,yesterday
Software Engineer,Runloop.ai,Full-time,$151k – $245k,Palo Alto,N/A,2 months ago
Senior Software Engineer,Runloop.ai,Full-time,$150k – $299k,Palo Alto,N/A,4 months ago
Flight Software Engineer II,Runloop.ai,Full-time,Long Beach,N/A,N/A,today
Senior Flight Software Engineer,Runloop.ai,Full-time,Long Beach,N/A,N/A,3 months ago
Staff Robotics Software Engineer,Runloop.ai,Full-time,Long Beach,N/A,N/A,8 months ago
Staff Software Engineer,Runloop.ai,Full-time,$160k – $220k,San Francisco,N/A,1 week ago
"Senior Software Engineer, Infrastructure",Runloop.ai,Full-time,$185k – $215k • 0.05% – 0.15%,Remote • Boston+5,8 years of exp,2 days ago
Staff Data Engineer,Runloop.ai,Full-time,$175k – $225k,Remote • New York,N/A,4 weeks ago
Software Engineer,Runloop.ai,Full-time,$100k – $170k,Remote • New York,N/A,2 months ago
Software Engineer,Runloop.ai,Full-time,$100k – $170k,Remote • New York,N/A,9 months ago
Flight Software Engineer II,Runloop.ai,Full-time,Long Beach,N/A,N/A,today
Senior Flight Software Engineer,Runloop.ai,Full-time,Long Beach,N/A,N/A,3 months ago
Staff Robotics Software Engineer,Runloop.ai,Full-time,Long Beach,N/A,N/A,8 months ago
Senior Software Engineer  - Asynchronous Processing,Runloop.ai,Full-time,$152k – $228k,Boston,N/A,1 week ago
Lead Software Engineer - SRE,Runloop.ai,Full-time,$188k – $282k,Boston,N/A,1 week ago
Lead Software Engineer - Events,Runloop.ai,Full-time,$188k – $282k,Boston,N/A,1 month ago
Junior Software Engineer,Runloop.ai,Full-time,$200k – $250k • No equity,Remote • San Francisco+1,1 year of exp,2 weeks ago
Senior Software Engineer,Runloop.ai,Full-time,$300k – $350k • No equity,Remote • San Francisco+1,2 years of exp,2 weeks ago
HPC Engineer,Runloop.ai,Full-time,$175k – $225k • No equity,San Francisco,5 years of exp,4 months ago
Software Engineer - Migrations Team,Runloop.ai,Full-time,$140k – $160k • 0.4% – 0.8%,New York City,3 years of exp,1 week ago
Sr. Software Engineer - Features Team,Runloop.ai,Full-time,$160k – $180k • 0.5% – 1.0%,New York City,5 years of exp,1 week ago
Associate Software Engineer,Runloop.ai,Full-time,Remote • United States,N/A,N/A,3 days ago
"Senior Software Engineer, AI",Runloop.ai,Full-time,Remote • United States,N/A,N/A,3 days ago
"Software Engineer II, Data",Runloop.ai,Full-time,Remote • United States,N/A,N/A,2 weeks ago
Software Engineer,Runloop.ai,Full-time,Seattle,N/A,N/A,1 month ago
Software Engineer II - iOS,Runloop.ai,Full-time,New York,N/A,N/A,1 month ago
Software Engineer - Payments,Runloop.ai,Full-time,San Francisco,N/A,N/A,2 months ago
Senior Software Engineer,Runloop.ai,Full-time,$175k – $175k,Chicago,N/A,7 days ago
Software Engineer,Runloop.ai,Full-time,Austin,N/A,N/A,1 year ago
Senior Software Engineer,Runloop.ai,Full-time,Austin,N/A,N/A,1 year ago
Founding Software Engineer,Runloop.ai,Full-time,$110k – $140k • 0.5% – 1.0%,San Francisco,0 years of exp,2 weeks ago
Software Engineer,Runloop.ai,Full-time,$160k – $300k,Mountain View,N/A,1 month ago
Software Engineer (New Grad),Runloop.ai,Full-time,$150k – $180k,Mountain View,N/A,1 month ago
"Software Engineer, ML Research",Runloop.ai,Full-time,$140k – $300k • 0.0% – 0.2%,Mountain View,N/A,8 months ago
Staff Software Engineer,Runloop.ai,Full-time,$320k – $410k,New York City,N/A,2 weeks ago
Staff Software Engineer,Runloop.ai,Full-time,$320k – $410k,San Francisco,N/A,2 months ago
Senior Software Engineer,Runloop.ai,Full-time,$210k – $260k,San Francisco,N/A,2 months ago
Staff Software Engineer,Runloop.ai,Full-time,$170k – $240k,San Francisco,5 years of exp,1 week ago
Senior ML Solutions Engineer,Runloop.ai,Full-time,$140k – $180k,San Francisco,3 years of exp,3 weeks ago
Senior ML Solutions Engineer,Runloop.ai,Full-time,$170k – $210k,Remote • San Francisco,5 years of exp,1 month ago
Software Engineer - Embedded UI,Runloop.ai,Full-time,United Kingdom • Cambridge,N/A,N/A,today
Software Engineer Intern,Runloop.ai,Full-time,United Kingdom • Cambridge,N/A,N/A,4 days ago
Senior Software Engineer,Runloop.ai,Full-time,San Jose,N/A,N/A,7 days ago
"Developer Relations Engineer, AvaCloud",Runloop.ai,Full-time,$116k – $145k,Remote • Brooklyn,N/A,yesterday
"Senior Software Engineer, Core",Runloop.ai,Full-time,$158k – $198k,Remote • Brooklyn,N/A,yesterday
"Staff Software Engineer, Bridge",Runloop.ai,Full-time,$190k – $238k,Remote • New York,N/A,2 months ago
"Software Engineer, Integrity",Runloop.ai,Full-time,$128k – $160k,San Francisco,N/A,yesterday
"Software Engineer, Integrity",Runloop.ai,Full-time,$128k – $160k,New York City,N/A,yesterday
"Software Engineer, FORTOP",Runloop.ai,Full-time,$108k – $135k,Seattle,N/A,2 days ago
Senior Software Engineer - Frontend,Runloop.ai,Full-time,$90k – $150k • 0.1% – 0.4%,Palo Alto,2 years of exp,2 days ago
Backend Software Engineer (Boston),Runloop.ai,Full-time,Boston,N/A,N/A,2 weeks ago
Quality Assurance Engineer (Boston),Runloop.ai,Full-time,Boston,N/A,N/A,3 weeks ago
Software Engineer (Machine Learning Team - Boston),Runloop.ai,Full-time,Boston,N/A,N/A,1 month ago
Software Engineer,Runloop.ai,Full-time,$60k – $70k • No equity,Remote • San Francisco,3 years of exp,1 month ago
Software Engineer,Runloop.ai,Full-time,$60k – $70k • No equity,Remote • San Francisco,3 years of exp,1 month ago
Senior Software Engineer - Frontend,Runloop.ai,Full-time,$90k – $150k • 0.1% – 0.4%,Palo Alto,2 years of exp,2 days ago
Software Engineer (Backend),Runloop.ai,Full-time,$120k – $160k,New York City,N/A,1 week ago
Software Engineer (Frontend),Runloop.ai,Full-time,$120k – $160k,New York City,N/A,1 week ago
Staff Software Engineer,Runloop.ai,Full-time,$200k – $220k,New York City,N/A,1 week ago
Senior Software Engineer (New Products),Runloop.ai,Full-time,$189k – $214k,Remote • San Francisco,N/A,5 days ago
"Senior Software Engineer, Growth Experience",Runloop.ai,Full-time,Remote • San Francisco,N/A,N/A,2 months ago
Founding Software Engineer @ FleetWorks,Runloop.ai,Full-time,$130k – $200k • 0.25% – 0.75%,San Francisco,4 years of exp,1 week ago
Founding Engineer - Full Stack @ Letter AI,Runloop.ai,Full-time,$90k – $120k • 0.5% – 1.5%,Chicago • San Francisco,3 years of exp,1 week ago
Senior Software Engineer – Fullstack,Runloop.ai,Full-time,$190k – $270k,New York,N/A,1 week ago
Senior Software Engineer (Backend),Runloop.ai,Full-time,$160k – $210k,San Francisco,N/A,yesterday
Senior Software Engineer (Mobile),Runloop.ai,Full-time,$160k – $210k,San Francisco,N/A,1 month ago
Senior/Staff Software Engineer,Runloop.ai,Full-time,$170k – $240k,San Francisco,N/A,7 days ago
"Senior Software Engineer, Ads Measurement",Runloop.ai,Full-time,$239k – $289k,San Mateo,N/A,2 days ago
Senior Software Engineer - Voice,Runloop.ai,Full-time,$234k – $284k,San Mateo,N/A,3 days ago
"Senior Software Engineer, Desktop",Runloop.ai,Full-time,$234k – $284k,San Mateo,N/A,4 days ago
Software Engineer,Runloop.ai,Full-time,$130k – $170k,New York City,N/A,1 month ago
Software Engineer,Runloop.ai,Full-time,$120k – $150k,Remote • Brooklyn,N/A,3 months ago
Software Engineer,Runloop.ai,Full-time,$200k – $260k,San Francisco,N/A,8 months ago
Lead Software Engineer,Runloop.ai,Full-time,$150k – $200k • 0.0% – 0.5%,New York City,6 years of exp,4 weeks ago
Lead Software Engineer,Runloop.ai,Full-time,New York City,N/A,N/A,2 months ago
"Software Engineer, Portfolio Management",Runloop.ai,Full-time,New York City,N/A,N/A,2 months ago
Technical Lead Software Engineer,Runloop.ai,Full-time,$175k – $185k • 3.0% – 5.0%,Remote • Charlotte,5 years of exp,1 week ago
Software Engineer,Runloop.ai,Full-time,$166k – $237k,Burlingame,4 years of exp,6 months ago
Software Engineer,Runloop.ai,Full-time,$100k – $160k,New York,N/A,5 months ago
"Software Engineer, Applied AI",Runloop.ai,Full-time,$100k – $160k,New York,N/A,5 months ago
"Senior Software Engineer, Frontend",Runloop.ai,Full-time,$140k – $280k,New York,N/A,5 months ago
Software Engineer,Runloop.ai,Full-time,$100k – $150k,Remote • Chicago,0 years of exp,3 years ago
Senior Software Engineer,Runloop.ai,Full-time,San Francisco,N/A,N/A,1 week ago
Senior Software Engineer - Data Products,Runloop.ai,Full-time,Remote • United States,N/A,N/A,1 week ago
"Staff Software Engineer, Deployment Infrastructure",Runloop.ai,Full-time,Remote • United States,N/A,N/A,2 weeks ago
Senior Machine Learning Engineer,Runloop.ai,Full-time,$175k – $250k,Remote • San Francisco+2,8 years of exp,2 years ago
Software Engineer,Runloop.ai,Full-time,$125k – $175k,Remote • San Francisco+1,2 years of exp,3 years ago
Software Engineer,Runloop.ai,Full-time,$150k – $160k • 0.05% – 0.1%,San Francisco,3 years of exp,1 month ago
Software Engineer,Runloop.ai,Full-time,$150k – $160k • 0.05% – 0.1%,San Francisco,3 years of exp,1 month ago
"Software Engineer, Blockchain",Runloop.ai,Full-time,Los Angeles,N/A,N/A,2 years ago
"Senior Software Engineer, Elixir",Runloop.ai,Full-time,Los Angeles,N/A,N/A,3 years ago
Software Engineer,Runloop.ai,Full-time,$115k – $150k • 0.0% – 0.1%,Los Angeles,4 years of exp,4 years ago
"Software Engineer, Computer Vision",Runloop.ai,Full-time,Hawthorne,N/A,N/A,today
Software Engineer (Dynamics),Runloop.ai,Full-time,Brownsville,N/A,N/A,2 weeks ago
Application Software Engineer,Runloop.ai,Full-time,Cape Canaveral,N/A,N/A,3 weeks ago
Senior/Staff Backend Software Engineer,Runloop.ai,Full-time,$160k – $175k • 0.0% – 0.2%,Remote • New York City,7 years of exp,3 weeks ago
Software Engineer,Runloop.ai,Full-time,$130k – $170k,Remote • Austin+2,5 years of exp,2 months ago
Software Engineer,Runloop.ai,Full-time,$120k – $200k,San Francisco,2 years of exp,5 months ago
Software Engineer (Internship),Runloop.ai,Full-time,"₹2,000 – ₹15,000 • 0.1% – 3.0%",Remote • Los Angeles+1,4 years of exp,2 weeks ago
Software Engineer,Runloop.ai,Full-time,"₹30,000 – ₹1L • 0.1% – 3.0%",Remote • Los Angeles+1,4 years of exp,2 weeks ago
Senior Software Engineer (Infrastructure),Runloop.ai,Full-time,$175k – $220k,Remote • New York,N/A,7 days ago
Senior Software Engineer (Infrastructure),Runloop.ai,Full-time,$175k – $220k,Remote • San Francisco,N/A,7 days ago
Senior Software Engineer (Infrastructure),Runloop.ai,Full-time,$175k – $220k,Remote • United States,N/A,7 days ago
Staff Software Engineer,Runloop.ai,Full-time,$227k – $258k,San Francisco • New York,N/A,1 month ago
Senior Computer Vision Engineer,Runloop.ai,Full-time,$165k – $236k,San Francisco • New York,N/A,1 month ago
Software Engineer II,Runloop.ai,Full-time,$120k – $200k • No equity,New York City • Seattle+2,4 years of exp,2 years ago
Senior Software Engineer,Runloop.ai,Full-time,$180k – $250k • 11.0% – 12.0%,Remote • United States,2 years of exp,2 years ago
Software Engineer,Runloop.ai,Full-time,$130k – $200k • No equity,Boulder • New York City+1,2 years of exp,2 years ago
Senior Software Engineer,Runloop.ai,Full-time,Remote • Long Beach,N/A,N/A,1 month ago
Staff Program Manager,Runloop.ai,Full-time,Long Beach,N/A,N/A,2 months ago
"Software Engineer, Web",Runloop.ai,Full-time,$165k – $180k • 0.1% – 1.0%,San Francisco • San Francisco Bay Area,2 years of exp,1 month ago
"Software Engineer, Merchant Decisioning",Runloop.ai,Full-time,$165k – $185k • 0.1% – 1.0%,San Francisco • San Francisco Bay Area,1 year of exp,1 month ago
"Software Engineer, Lending Products",Runloop.ai,Full-time,$165k – $180k • 0.0% – 1.0%,San Francisco • San Francisco Bay Area,2 years of exp,1 month ago
Staff Software Engineer,Runloop.ai,Full-time,$200k – $275k,New York City,N/A,1 month ago
Fullstack Software Engineer (Remote),Runloop.ai,Full-time,$130k – $220k,Remote • New York City,N/A,1 month ago
Fullstack Software Engineer,Runloop.ai,Full-time,$110k – $240k,New York City,N/A,1 month ago
Senior Software Engineer,Runloop.ai,Full-time,$185k – $225k,Austin,N/A,2 months ago
Staff Backend Engineer,Runloop.ai,Full-time,$220k – $300k • 0.1% – 0.3%,San Francisco • Palo Alto+1,8 years of exp,4 weeks ago
Senior Software Engineer,Runloop.ai,Full-time,$250k – $330k • 0.1% – 0.3%,Remote • San Francisco Bay Area,5 years of exp,1 month ago
Senior Frontend Engineer,Runloop.ai,Full-time,$220k – $300k • 0.1% – 0.3%,United States • San Francisco Bay Area,8 years of exp,1 month ago
Software Engineer - Python/Spark,Runloop.ai,Full-time,$155k – $170k,New York City,N/A,yesterday
Data Engineer - Python / Spark,Runloop.ai,Full-time,$50k – $200k,McLean,N/A,2 days ago
Software Engineer - Python / Spark,Runloop.ai,Full-time,$50k – $200k,McLean,N/A,2 days ago
Software Engineer,Runloop.ai,Full-time,$110k – $130k,New York City,0 years of exp,3 months ago
Senior Software Engineer (Quality),Runloop.ai,Full-time,$165k – $175k,Remote • San Francisco,N/A,1 week ago
"Backend Engineer, Temporal",Runloop.ai,Full-time,$185k – $265k,Remote • San Francisco,5 years of exp,1 month ago
ML Infrastructure Engineer,Runloop.ai,Full-time,$185k – $265k,Remote • San Francisco,5 years of exp,2 months ago
Full-Stack Software Engineer,Runloop.ai,Full-time,Devens,N/A,N/A,7 days ago
Associate R&D Test Engineer,Runloop.ai,Full-time,Somerville,N/A,N/A,7 days ago
R&D Test Engineer,Runloop.ai,Full-time,Devens,N/A,N/A,6 months ago
Senior Software Engineer,Runloop.ai,Full-time,$120k – $200k • 0.0% – 0.5%,New York City,5 years of exp,7 days ago
Software Engineer,Runloop.ai,Full-time,$200k – $230k • 0.1% – 0.4%,San Francisco,7 years of exp,5 months ago
Senior Software Engineer (Quality),Runloop.ai,Full-time,$165k – $175k,Remote • San Francisco,N/A,1 week ago
"Backend Engineer, Temporal",Runloop.ai,Full-time,$185k – $265k,Remote • San Francisco,5 years of exp,1 month ago
ML Infrastructure Engineer,Runloop.ai,Full-time,$185k – $265k,Remote • San Francisco,5 years of exp,2 months ago
Staff Electrical Engineer,Runloop.ai,Full-time,$152k – $193k,Alameda,N/A,2 months ago
Flight Operations Support Engineer,Runloop.ai,Full-time,$90k – $130k,Alameda,N/A,3 months ago
Senior Software Engineer,Runloop.ai,Full-time,$152k – $200k,Alameda,N/A,3 months ago
Software Engineer - Frontend,Runloop.ai,Full-time,$120k – $180k • 0.0% – 0.2%,Los Angeles,5 years of exp,1 month ago
Software Engineer - Storage & Compute,Runloop.ai,Full-time,$120k – $180k,New York City,N/A,2 months ago
Software Engineer,Runloop.ai,Full-time,$120k – $180k • 0.0% – 0.2%,Los Angeles,2 years of exp,3 months ago
"Software Engineer, Product",Runloop.ai,Full-time,$130k – $265k,Foster City,N/A,2 months ago
"Software Engineer, Mobile",Runloop.ai,Full-time,$130k – $265k,Remote • New York City+1,N/A,3 months ago
"Staff Software Engineer, Product",Runloop.ai,Full-time,$190k – $265k,Remote • Foster City,N/A,4 months ago
Founding Software Engineer,Runloop.ai,Full-time,California • New York City+1,3 years of exp,N/A,5 days ago
Founding Software Engineer,Runloop.ai,Full-time,$130k – $160k • 0.1% – 1.8%,New York City,2 years of exp,3 weeks ago
Software Engineer,Runloop.ai,Full-time,Remote • Chicago,N/A,N/A,2 months ago
"Software Engineer, ML Infrastructure",Runloop.ai,Full-time,Seattle,N/A,N/A,6 months ago
"Software Engineer, Billing",Runloop.ai,Full-time,Chicago • New York City+15,N/A,N/A,8 months ago
Software Engineer,Runloop.ai,Full-time,$150k – $225k,Chicago,N/A,1 month ago
Senior Software Engineer,Runloop.ai,Full-time,$160k – $240k,Chicago,N/A,3 months ago
"Software Engineer, Commodities Engineering",Runloop.ai,Full-time,$150k – $250k,Chicago,N/A,3 months ago
Mobile Software Engineer (remote),Runloop.ai,Full-time,$85k – $120k,Remote • United States,3 years of exp,2 weeks ago
Cloud Engineer,Runloop.ai,Full-time,$75k – $120k,Remote • St. Louis,3 years of exp,1 month ago
Senior Web Software Engineer,Runloop.ai,Full-time,$100k – $170k • No equity,Remote • Canada+2,3 years of exp,1 week ago
Senior+ Software Engineer,Runloop.ai,Full-time,Remote • New York City,5 years of exp,N/A,1 week ago
Senior Software Engineer (Frontend),Runloop.ai,Full-time,$102k – $118k • 5.0% – 20.0%,Remote • United States,5 years of exp,4 days ago
Software Engineer,Runloop.ai,Full-time,New York City • San Francisco,2 years of exp,N/A,7 months ago
Machine Learning Engineer,Runloop.ai,Full-time,New York City • San Francisco,N/A,N/A,7 months ago
"Senior Software Engineer, Onboarding Experience",Runloop.ai,Full-time,$164k – $226k,Remote • United States,N/A,6 days ago
"Software Engineer, Onboarding Experience",Runloop.ai,Full-time,$142k – $197k,Remote • United States,N/A,1 week ago
Principal Software Engineer,Runloop.ai,Full-time,$181k – $250k,Remote • United States,N/A,1 month ago
Senior Product Designer,Runloop.ai,Full-time,$125k – $225k,San Francisco,N/A,3 months ago
Software Engineer,Runloop.ai,Full-time,$125k – $225k,San Francisco,N/A,4 months ago
Software Engineer,Runloop.ai,Full-time,$120k – $180k,Remote • San Mateo,N/A,6 months ago
Software Engineer,Runloop.ai,Full-time,$80k – $95k,Dayton,3 years of exp,1 month ago
Software Engineer,Runloop.ai,Full-time,$120k – $190k,San Francisco,1 year of exp,3 weeks ago
Senior Software Engineer,Runloop.ai,Full-time,$160k – $240k,San Francisco,N/A,3 weeks ago
Staff Software Engineer,Runloop.ai,Full-time,Remote • United States,N/A,N/A,1 year ago
"Senior Software Engineer, Full Stack",Runloop.ai,Full-time,$180k – $200k,Remote • United States,N/A,2 years ago
Senior Software Engineer,Runloop.ai,Full-time,$180k – $200k,Remote • United States,N/A,2 years ago
"Software Engineer, Enterprise AI",Runloop.ai,Full-time,San Francisco,N/A,N/A,1 week ago
"Infrastructure Software Engineer, Public Sector",Runloop.ai,Full-time,$154k – $215k,New York City • Washington DC+2,N/A,1 month ago
"Software Engineer, Federal",Runloop.ai,Full-time,$179k – $215k,New York City • Washington DC+2,N/A,1 month ago
Software Engineer,Runloop.ai,Full-time,Lehi,N/A,N/A,1 year ago
Principal Software Engineer - Java,Runloop.ai,Full-time,$150k – $300k,North Carolina • Raleigh,N/A,4 days ago
Senior Software Engineer - Java,Runloop.ai,Full-time,$110k – $270k,Columbus • Ohio,N/A,1 month ago
Software Engineer - Java,Runloop.ai,Full-time,$85k – $225k,Boston • Massachusetts,N/A,1 year ago
DevOps Engineer,Runloop.ai,Full-time,$120k – $170k,Alameda,N/A,1 week ago
Linux Embedded Software Engineer,Runloop.ai,Full-time,$130k – $200k,Alameda,N/A,1 week ago
Systems Design Engineer,Runloop.ai,Full-time,$120k – $150k,Alameda,N/A,4 weeks ago
Senior Principal Software Engineer (Clone),Runloop.ai,Full-time,$180k – $200k • No equity,Napa • San Francisco Bay Area,8 years of exp,today
Senior Principal Software Engineer,Runloop.ai,Full-time,$180k – $200k • No equity,Napa • San Francisco Bay Area,8 years of exp,1 month ago
Senior Software Engineer,Runloop.ai,Full-time,$150k – $230k • 0.02% – 0.05%,San Francisco,3 years of exp,5 months ago
Senior Software Engineer,Runloop.ai,Full-time,$165k – $195k,San Francisco,N/A,1 month ago
Senior Software Engineer,Runloop.ai,Full-time,$165k – $195k,Seattle,N/A,1 month ago
Senior Software Engineer,Runloop.ai,Full-time,$130k – $180k • 0.4% – 0.75%,San Francisco,7 years of exp,1 month ago
Senior Software Engineer (Android),Runloop.ai,Full-time,$150k – $210k,Chicago,N/A,2 weeks ago
"Software Engineer (Ruby/Rails), Careers",Runloop.ai,Full-time,Remote • San Francisco,N/A,N/A,3 days ago
"Senior Mobile Software Engineer, iOS (Swift)",Runloop.ai,Full-time,Remote • San Francisco,N/A,N/A,1 week ago
"Software Engineer, Data",Runloop.ai,Full-time,Remote • San Francisco,N/A,N/A,9 months ago
Software Engineer,Runloop.ai,Full-time,$65k – $90k • No equity,Remote • Stamford,3 years of exp,2 years ago
Founding Software Engineer,Runloop.ai,Full-time,$60k – $130k • No equity,Remote • Tampa,6 years of exp,1 month ago
Software Engineer,Runloop.ai,Full-time,$85k – $120k • No equity,Remote • Atlanta+14,1 year of exp,2 months ago
Software Engineer,Runloop.ai,Full-time,Denver,N/A,N/A,1 month ago
Staff Software Engineer,Runloop.ai,Full-time,Charlotte,N/A,N/A,2 months ago
Senior Software Engineer,Runloop.ai,Full-time,Charlotte,N/A,N/A,3 months ago
"Senior Software Engineer, iOS",Runloop.ai,Full-time,$195k – $250k,Remote • New York City,N/A,1 month ago
"Senior Software Engineer, Android",Runloop.ai,Full-time,$195k – $250k,Remote • New York City,N/A,2 months ago
"Senior Software Engineer, AI/ML",Runloop.ai,Full-time,$195k – $300k,Remote • New York City,N/A,3 months ago
"Senior Software Engineer, Product",Runloop.ai,Full-time,Palo Alto,N/A,N/A,2 years ago
"Software Engineer, Infrastructure",Runloop.ai,Full-time,Palo Alto,N/A,N/A,2 years ago
"Software Engineer, Backend",Runloop.ai,Full-time,Palo Alto,N/A,N/A,2 years ago
Associate Software Engineer (Front End),Runloop.ai,Full-time,$80k – $100k,Detroit,N/A,yesterday
Software Engineer - Tech AI,Runloop.ai,Full-time,$120k – $160k • No equity,Atlanta,1 year of exp,2 weeks ago
Security Engineer,Runloop.ai,Full-time,$175k – $240k,San Francisco,N/A,1 week ago
Software Engineer,Runloop.ai,Full-time,$170k – $270k,San Francisco,3 years of exp,2 months ago
Senior Software Engineer,Runloop.ai,Full-time,$170k – $200k,New York City,N/A,2 months ago
Senior Data Engineer,Runloop.ai,Full-time,$170k – $200k,New York City,N/A,3 months ago
Senior Platform Engineer,Runloop.ai,Full-time,$170k – $210k,New York City,5 years of exp,4 months ago
Software Engineer,Runloop.ai,Full-time,$80k – $140k • 0.1% – 0.5%,Remote • Palo Alto,3 years of exp,4 years ago
Senior Software Engineer,Runloop.ai,Full-time,$170k – $200k • 0.088% – 0.2%,San Francisco,5 years of exp,2 months ago
Software Engineer III,Runloop.ai,Full-time,$160k – $200k • 0.03% – 0.08%,Remote • McLean,7 years of exp,1 month ago
Software Engineer II,Runloop.ai,Full-time,$110k – $160k • 0.02% – 0.04%,Remote • Washington DC+2,3 years of exp,2 months ago
Senior/Staff Software Engineer,Runloop.ai,Full-time,$160k – $210k,Remote • New York City+1,6 years of exp,2 weeks ago
Lead Software Engineer - Core Product,Runloop.ai,Full-time,$100k – $160k,Irvine • Orange County,8 years of exp,yesterday
Frontend Software Engineer,Runloop.ai,Full-time,New York City • San Francisco,7 years of exp,N/A,1 week ago
Backend Software Engineer,Runloop.ai,Full-time,New York City • San Francisco,7 years of exp,N/A,1 week ago
Software Engineer / Developer,Runloop.ai,Full-time,$80k – $112k • No equity,Remote • Alabama+2,1 year of exp,7 days ago
"Senior Software Engineer, Databases",Runloop.ai,Full-time,New York City,N/A,N/A,yesterday
Software Engineer Intern - Summer 2025,Runloop.ai,Full-time,New York City,N/A,N/A,yesterday
"Senior Software Engineer, Data Platform",Runloop.ai,Full-time,New York City,N/A,N/A,yesterday
"Staff Software Engineer, iOS",Runloop.ai,Full-time,$202k – $253k,Remote • United States,N/A,3 weeks ago
Senior Applied AI Engineer,Runloop.ai,Full-time,$189k – $236k,Remote • United States,N/A,3 months ago
Software Engineer - Heliocrafts,Runloop.ai,Full-time,Remote • Austin,2 years of exp,N/A,yesterday
Backend Software Engineer,Runloop.ai,Full-time,$180k – $230k,Remote • United States,5 years of exp,3 weeks ago
"Software Engineer, Full Stack",Runloop.ai,Full-time,$135k – $160k • 0.25% – 0.5%,Remote • San Francisco Bay Area,2 years of exp,7 days ago
"Senior Software Engineer, UX/Product",Runloop.ai,Full-time,$140k – $175k • 0.5% – 0.8%,Remote • San Francisco Bay Area,4 years of exp,7 days ago
"Senior Software Engineer, Full Stack/Infrastructure",Runloop.ai,Full-time,$140k – $175k • 0.5% – 0.8%,Remote • San Francisco Bay Area,4 years of exp,7 days ago
Mobile Software Engineer II,Runloop.ai,Full-time,$125k – $150k,Burlington,N/A,1 month ago
Mobile Software Engineer II,Runloop.ai,Full-time,$125k – $150k,New York City,N/A,2 months ago
Mobile Software Engineer II,Runloop.ai,Full-time,$125k – $150k,Austin,N/A,2 months ago
Embedded Software Engineer,Runloop.ai,Full-time,Byron,N/A,N/A,1 week ago
"Software Engineer, iOS",Runloop.ai,Full-time,$150k – $200k,New York,N/A,1 month ago
"Software Engineer, Android",Runloop.ai,Full-time,$150k – $200k,New York,N/A,1 month ago
Software Engineer (Mid - Sr),Runloop.ai,Full-time,$125k – $235k,New York,N/A,1 month ago
"Senior Software Engineer, Tax Calculations",Runloop.ai,Full-time,$167k – $205k,New York,N/A,2 weeks ago
"Senior Software Engineer, Accountant Experience",Runloop.ai,Full-time,$167k – $205k,New York,N/A,2 weeks ago
"Senior Software Engineer, Payroll",Runloop.ai,Full-time,$167k – $205k,New York,N/A,1 month ago
Software Engineer Intern,Runloop.ai,Full-time,San Francisco,N/A,N/A,1 week ago
Software Engineer Intern,Runloop.ai,Full-time,Waltham,N/A,N/A,1 week ago
Software Engineer Intern,Runloop.ai,Full-time,Bethesda,N/A,N/A,1 week ago
Solutions Consultant,Runloop.ai,Full-time,$140k – $175k,Remote • Santa Monica,N/A,today
"Senior Software Engineer, DevOps",Runloop.ai,Full-time,$190k – $205k,Remote • Santa Monica,N/A,1 month ago
Staff Software Engineer - Data Platform,Runloop.ai,Full-time,$188k – $235k,San Francisco,N/A,1 month ago
Software Engineer - Product,Runloop.ai,Full-time,$168k – $200k,San Francisco,N/A,1 month ago
Sales Engineer,Runloop.ai,Full-time,Atlanta,N/A,N/A,1 month ago
Solutions Engineer,Runloop.ai,Full-time,Atlanta,N/A,N/A,1 month ago
Senior Software Engineer,Runloop.ai,Full-time,$130k – $160k,Remote • New York City,5 years of exp,3 years ago
"Software Engineer II, Cloud Security",Runloop.ai,Full-time,United States,N/A,N/A,2 days ago
Sr. Software Engineer - Release Engineering,Runloop.ai,Full-time,United States,N/A,N/A,4 weeks ago
Software Engineer II - Infrastructure Transformation,Runloop.ai,Full-time,United States,N/A,N/A,1 month ago
Software Engineer,Runloop.ai,Full-time,$95k – $130k • No equity,Remote • Austin+40,1 year of exp,1 month ago
Senior Software Engineer,Runloop.ai,Full-time,$100k – $130k • 0.0% – 0.5%,Remote • Austin+8,5 years of exp,1 month ago
Senior Software Engineer,Runloop.ai,Full-time,$150k – $200k • 0.1% – 0.2%,San Francisco,5 years of exp,1 month ago
"Senior Software Engineer, Frontend",Runloop.ai,Full-time,Remote • Europe+6,N/A,N/A,2 weeks ago
"Senior Software Engineer, Solidity",Runloop.ai,Full-time,Remote • Europe+6,N/A,N/A,2 weeks ago
Senior Software Engineer,Runloop.ai,Full-time,Remote • Europe+6,N/A,N/A,2 weeks ago
Senior Software Engineer,Runloop.ai,Full-time,$120k – $190k • 0.1% – 1.0%,San Francisco Bay Area,4 years of exp,3 months ago
Software Engineer,Runloop.ai,Full-time,Remote • San Francisco,3 years of exp,N/A,4 weeks ago
Software Engineer,Runloop.ai,Full-time,San Francisco,N/A,N/A,1 week ago
Software Engineer,Runloop.ai,Full-time,San Francisco,N/A,N/A,1 week ago
Backend Developer  (Bay Area),Runloop.ai,Full-time,San Jose,N/A,N/A,2 months ago
Sr. Flight Software Engineer (Verification),Runloop.ai,Full-time,Mountain View,N/A,N/A,1 week ago
Embedded Software Engineer,Runloop.ai,Full-time,Mountain View,N/A,N/A,3 weeks ago
Displays Software Engineer,Runloop.ai,Full-time,Mountain View,N/A,N/A,3 months ago
Lead Software Engineer,Runloop.ai,Full-time,$170k – $240k,New York,N/A,2 months ago
Lead Software Engineer,Runloop.ai,Full-time,$170k – $240k,Remote • United States,N/A,2 months ago
Senior Software Engineer,Runloop.ai,Full-time,$145k – $200k,Remote • United States,N/A,3 months ago
"Sr Staff Software Engineer, HR Apps",Runloop.ai,Full-time,Atlanta • Chicago+8,N/A,N/A,2 days ago
"Senior Software Engineer, WebApp Architecture",Runloop.ai,Full-time,Remote • Atlanta+8,N/A,N/A,1 month ago
"Software Engineer, Ruby Infrastructure",Runloop.ai,Full-time,Remote • Atlanta+8,N/A,N/A,3 months ago
"Software Engineer - Intern, SRE",Runloop.ai,Full-time,New York,N/A,N/A,yesterday
Senior Software Engineer - Driveline,Runloop.ai,Full-time,Remote • Pennsylvania+7,N/A,N/A,1 week ago
Senior Software Engineer - GameSDK,Runloop.ai,Full-time,Remote • California+6,N/A,N/A,1 week ago
Software Engineer,Runloop.ai,Full-time,$140k – $150k,Remote • Boston+3,5 years of exp,2 months ago
Senior Software Engineer,Runloop.ai,Full-time,$170k – $200k,Remote • Boston+2,5 years of exp,2 months ago
Senior Backend Engineer - Growth,Runloop.ai,Full-time,San Francisco,N/A,N/A,3 months ago
Senior Full Stack / Frontend Engineer - Growth,Runloop.ai,Full-time,San Francisco,N/A,N/A,3 months ago
Staff Software Engineer,Runloop.ai,Full-time,$164k – $217k,San Francisco,N/A,1 year ago
Staff Software Engineer (iOS),Runloop.ai,Full-time,$200k – $220k,Remote • San Francisco,N/A,4 weeks ago
Senior Software Engineer (iOS),Runloop.ai,Full-time,$180k – $190k,Remote • San Francisco,N/A,1 month ago
Senior Software Engineer,Runloop.ai,Full-time,$180k – $195k,Remote • San Francisco,N/A,2 months ago
Lead Software Engineer,Runloop.ai,Full-time,$155k – $175k • 0.25% – 2.0%,Boston,3 years of exp,9 months ago
"Senior Software Engineer, Platform",Runloop.ai,Full-time,Los Angeles,N/A,N/A,1 week ago
Senior Gen AI Software Engineer,Runloop.ai,Full-time,Remote • United States,N/A,N/A,1 week ago
"Senior Software Engineer, Production Engineering",Runloop.ai,Full-time,$130k – $176k,Remote • United States,N/A,6 months ago
"GUI Software Engineer, FlashArray",Runloop.ai,Full-time,$163k – $246k,Santa Clara,N/A,1 week ago
Principal Quality Software Engineer,Runloop.ai,Full-time,$158k – $303k,Santa Clara,N/A,4 weeks ago
"Software Engineer, FlashArray",Runloop.ai,Full-time,$140k – $342k,Santa Clara,N/A,1 month ago
Senior Staff Software Engineer,Runloop.ai,Full-time,Remote • United States,N/A,N/A,3 weeks ago
"Software Engineer II, Edge Workflows",Runloop.ai,Full-time,$85k – $130k,Chicago,N/A,2 days ago
Senior Software Engineer,Runloop.ai,Full-time,$110k – $160k,Chicago,N/A,2 months ago
Software Engineer II,Runloop.ai,Full-time,$85k – $130k,Chicago,N/A,2 months ago
Founding Software Engineer,Runloop.ai,Full-time,$100k – $150k • 0.0% – 2.0%,New York City,N/A,1 month ago
Senior Software Engineer,Runloop.ai,Full-time,Boston,5 years of exp,N/A,1 month ago
Software Engineer (Backend),Runloop.ai,Full-time,$140k – $200k • 0.2% – 0.5%,San Francisco,2 years of exp,1 month ago
Software Engineer / Developer,Runloop.ai,Full-time,$80k – $112k • No equity,Remote • Alabama+2,1 year of exp,1 week ago
"Software Engineer, Full Stack",Runloop.ai,Full-time,$135k – $160k • 0.25% – 0.5%,Remote • San Francisco Bay Area,2 years of exp,7 days ago
"Senior Software Engineer, UX/Product",Runloop.ai,Full-time,$140k – $175k • 0.5% – 0.8%,Remote • San Francisco Bay Area,4 years of exp,7 days ago
"Senior Software Engineer, Full Stack/Infrastructure",Runloop.ai,Full-time,$140k – $175k • 0.5% – 0.8%,Remote • San Francisco Bay Area,4 years of exp,7 days ago
Senior Software Engineer,Runloop.ai,Full-time,$145k – $185k • 0.0% – 0.25%,New York City,8 years of exp,3 weeks ago
"Software Engineer, iOS",Runloop.ai,Full-time,$150k – $200k,New York,N/A,1 month ago
"Software Engineer, Android",Runloop.ai,Full-time,$150k – $200k,New York,N/A,1 month ago
Software Engineer (Mid - Sr),Runloop.ai,Full-time,$125k – $235k,New York,N/A,1 month ago
Solutions Consultant,Runloop.ai,Full-time,$140k – $175k,Remote • Santa Monica,N/A,today
"Senior Software Engineer, DevOps",Runloop.ai,Full-time,$190k – $205k,Remote • Santa Monica,N/A,1 month ago
Software Engineer II,Runloop.ai,Full-time,$120k – $162k,Remote • Chicago,N/A,1 month ago
Software Engineer - Backend,Runloop.ai,Full-time,$120k – $180k • 0.0% – 0.05%,Seattle • San Francisco,4 years of exp,4 months ago
Staff Software Engineer - Backend,Runloop.ai,Full-time,$220k – $300k,Seattle • San Francisco,N/A,4 months ago
Frontend Engineer,Runloop.ai,Full-time,$120k – $180k • 0.0% – 0.05%,Seattle • San Francisco,1-4 year of exp,8 months ago
Senior Software Engineer,Runloop.ai,Full-time,$150k – $200k • 0.1% – 0.2%,San Francisco,5 years of exp,1 month ago
Senior Software Engineer,Runloop.ai,Full-time,$170k – $220k • 0.1% – 1.0%,San Francisco,5 years of exp,2 months ago
Senior Software Engineer / Lead Software Engineer / Staff Software Engineer,Runloop.ai,Full-time,Indiana • Westfield,5 years of exp,N/A,4 months ago
Lead Software Engineer,Runloop.ai,Full-time,Philadelphia,N/A,N/A,1 month ago
Software Engineer III,Runloop.ai,Full-time,Remote • Philadelphia,N/A,N/A,3 months ago
Senior Software Engineer,Runloop.ai,Full-time,Philadelphia,N/A,N/A,5 months ago
Backend Software Engineer,Runloop.ai,Full-time,$120k – $180k,San Francisco,5 years of exp,8 months ago
Solutions Engineer,Runloop.ai,Full-time,$90k – $140k,San Francisco,N/A,9 months ago
Senior Software Engineer,Runloop.ai,Full-time,$180k – $200k • 0.1% – 0.3%,New York City • Brooklyn,5 years of exp,2 months ago
Software Engineer – Backend,Runloop.ai,Full-time,San Francisco,0 years of exp,N/A,2 months ago
Software Engineer – Fullstack,Runloop.ai,Full-time,San Francisco,0 years of exp,N/A,2 months ago
Software Engineer – Frontend,Runloop.ai,Full-time,San Francisco,0 years of exp,N/A,6 months ago
Software Engineer,Runloop.ai,Full-time,Remote • San Francisco,3 years of exp,N/A,4 weeks ago
Software Engineer,Runloop.ai,Full-time,San Francisco,N/A,N/A,1 week ago
Software Engineer,Runloop.ai,Full-time,San Francisco,N/A,N/A,1 week ago
Backend Developer  (Bay Area),Runloop.ai,Full-time,San Jose,N/A,N/A,2 months ago
"Software Engineer - Intern, SRE",Runloop.ai,Full-time,New York,N/A,N/A,yesterday
Senior Software Engineer - Driveline,Runloop.ai,Full-time,Remote • Pennsylvania+7,N/A,N/A,1 week ago
Senior Software Engineer - GameSDK,Runloop.ai,Full-time,Remote • California+6,N/A,N/A,1 week ago
"Senior Software Engineer, Platform",Runloop.ai,Full-time,Los Angeles,N/A,N/A,1 week ago
Senior Gen AI Software Engineer,Runloop.ai,Full-time,Remote • United States,N/A,N/A,1 week ago
"Senior Software Engineer, Production Engineering",Runloop.ai,Full-time,$130k – $176k,Remote • United States,N/A,6 months ago
"Software Engineer II, Edge Workflows",Runloop.ai,Full-time,$85k – $130k,Chicago,N/A,2 days ago
Senior Software Engineer,Runloop.ai,Full-time,$110k – $160k,Chicago,N/A,2 months ago
Software Engineer II,Runloop.ai,Full-time,$85k – $130k,Chicago,N/A,2 months ago
Senior Staff Software Engineer,Runloop.ai,Full-time,Remote • United States,N/A,N/A,3 weeks ago
Full Stack Software Engineer (Security and Compliance Focus),Runloop.ai,Full-time,$125k – $150k,Seattle,N/A,4 weeks ago
Senior Full Stack Software Engineer,Runloop.ai,Full-time,$140k – $165k,Seattle,N/A,1 month ago
Full Stack Software Engineer,Runloop.ai,Full-time,$125k – $150k,Seattle,N/A,1 month ago
Software Engineer,Runloop.ai,Full-time,$150k – $200k • 0.25% – 0.75%,Remote • New York City+1,6 years of exp,2 months ago
"Software Engineer, Fullstack (Freelancer Included)",Runloop.ai,Full-time,$80k – $120k • 0.1% – 0.5%,Remote • San Jose,3 years of exp,2 weeks ago
Senior Software Engineer,Runloop.ai,Full-time,$90k – $150k • 0.0% – 0.25%,Remote • New York City+1,3 years of exp,5 months ago
"Senior Software Engineer, Backend",Runloop.ai,Full-time,$230k – $300k • 0.01% – 0.1%,San Francisco • Kirkland,N/A,1 month ago
Senior Frontend Engineer,Runloop.ai,Full-time,$200k – $250k • 0.01% – 0.1%,San Francisco,5 years of exp,2 months ago
"Senior Software Engineer, Frontend",Runloop.ai,Full-time,$200k – $250k • 0.01% – 0.1%,San Francisco • Kirkland,N/A,2 months ago
Senior Software Engineer,Runloop.ai,Full-time,Pleasanton,N/A,N/A,4 weeks ago
"Staff Software Engineer, Instrument Software",Runloop.ai,Full-time,Pleasanton,N/A,N/A,2 months ago
Software Engineer III,Runloop.ai,Full-time,Pleasanton,N/A,N/A,2 months ago
Product Engineer (MLOps),Runloop.ai,Full-time,Remote • San Francisco,N/A,N/A,3 days ago
Data Engineer - Trading Analytics,Runloop.ai,Full-time,San Francisco,N/A,N/A,1 week ago
Staff Software Engineer,Runloop.ai,Full-time,Remote • San Francisco,N/A,N/A,2 weeks ago
Staff Front-End Engineer,Runloop.ai,Full-time,$200k – $250k • 0.2% – 0.5%,Los Angeles,8 years of exp,1 month ago
Staff Software Engineer,Runloop.ai,Full-time,$200k – $275k • 0.1% – 0.25%,Los Angeles,8 years of exp,1 month ago
Senior Software Engineer - Search & Personalization,Runloop.ai,Full-time,New York,N/A,N/A,6 months ago
"Software Engineer, Backend",Runloop.ai,Full-time,New York,N/A,N/A,8 months ago
"Senior Software Engineer, Backend",Runloop.ai,Full-time,New York,N/A,N/A,8 months ago
"Software Engineer, Data Platform",Runloop.ai,Full-time,Sunnyvale,N/A,N/A,1 week ago
Software Engineer (Build and Release),Runloop.ai,Full-time,Sunnyvale,N/A,N/A,2 months ago
"Software Tech Lead, Simulation",Runloop.ai,Full-time,Sunnyvale,N/A,N/A,3 months ago
Senior Software Engineer - Backend & Infrastructure,Runloop.ai,Full-time,$210k – $235k,Remote • Boston,N/A,1 month ago
Senior Software Engineer - Frontend,Runloop.ai,Full-time,$210k – $235k,Remote • Boston,N/A,1 month ago
Senior Software Engineer - Email & Deliverability,Runloop.ai,Full-time,$215k – $235k,Remote • Boston,N/A,1 month ago
Sr. Software Engineer (Application Platform),Runloop.ai,Full-time,$162k – $191k,Remote • Los Angeles,N/A,4 days ago
Staff Software Engineer - Application Platform (Remote),Runloop.ai,Full-time,$187k – $220k,Remote • Los Angeles,N/A,4 days ago
Principal Software Engineer (Remote),Runloop.ai,Full-time,$212k – $250k,Remote • Los Angeles,N/A,1 month ago
Senior Software Engineer,Runloop.ai,Full-time,$140k – $170k • 0.08% – 0.16%,Remote • San Francisco,5 years of exp,1 month ago
Software Engineer - DevOps,Runloop.ai,Full-time,$80k – $120k • 0.05% – 0.15%,Remote • New York,5 years of exp,3 months ago
Software Engineer - Backend,Runloop.ai,Full-time,$80k – $120k • 0.05% – 0.15%,Remote • New York,5 years of exp,3 months ago
Software Engineer - Frontend,Runloop.ai,Full-time,$80k – $120k • 0.05% – 0.15%,Remote • New York,5 years of exp,3 months ago
Senior Full Stack Software Engineer,Runloop.ai,Full-time,$150k – $230k,San Francisco,5 years of exp,2 months ago
Staff Full Stack Software Engineer,Runloop.ai,Full-time,$190k – $270k,San Francisco,7 years of exp,2 months ago
"Senior Software Engineer, Detect",Runloop.ai,Full-time,$130k – $170k • No equity,Mountain View,3 years of exp,7 days ago
"Senior Software Engineer, Fullstack",Runloop.ai,Full-time,$180k – $200k,New York City • San Francisco,7 years of exp,1 month ago
Front End Software Engineer,Runloop.ai,Full-time,$100k – $100k,Remote • San Francisco+6,5 years of exp,1 month ago
Senior Software Engineer,Runloop.ai,Full-time,$170k – $250k • 0.3% – 1.0%,Remote • San Francisco,5 years of exp,2 years ago
Software Engineer,Runloop.ai,Full-time,New York,1 year of exp,N/A,6 months ago
Staff Software Engineer,Runloop.ai,Full-time,$200k – $250k,New York City,10 years of exp,2 months ago
Software Engineer - Simulators,Runloop.ai,Full-time,Mountain View,N/A,N/A,5 months ago
Software Engineer - Compiler,Runloop.ai,Full-time,Mountain View,4 years of exp,N/A,5 months ago
Software Engineer - Kernels,Runloop.ai,Full-time,Mountain View,4 years of exp,N/A,5 months ago
Founding Staff/Senior Software Engineer,Runloop.ai,Full-time,$220k – $300k,San Francisco,6 years of exp,2 months ago
Founding Software Engineer,Runloop.ai,Full-time,$150k – $230k,San Francisco,4 years of exp,5 months ago
Staff Software Engineer,Runloop.ai,Full-time,$150k – $230k • 0.1% – 1.0%,New York City,8 years of exp,2 months ago
Senior Software Engineer,Runloop.ai,Full-time,$150k – $200k • 0.1% – 1.0%,New York City,5 years of exp,2 months ago
Sr. AI Engineer,Runloop.ai,Full-time,$190k – $240k • 0.25% – 0.75%,New York City,4 years of exp,2 months ago
"Senior Software Engineer, Android",Runloop.ai,Full-time,$170k – $256k,San Francisco,N/A,1 month ago
"Senior Software Engineer, Experiment",Runloop.ai,Full-time,San Francisco,N/A,N/A,1 month ago
"Senior Software Engineer, Middleware",Runloop.ai,Full-time,$170k – $256k,San Francisco,N/A,2 months ago
Staff Software Engineer,Runloop.ai,Full-time,$187k – $234k,San Francisco,N/A,2 months ago
Principal Software Engineer,Runloop.ai,Full-time,$236k – $265k,New York City,N/A,7 months ago
Principal Software Engineer,Runloop.ai,Full-time,$248k – $279k,San Francisco,N/A,1 year ago
"Software Engineer, Backend",Runloop.ai,Full-time,Remote • United States,N/A,N/A,3 weeks ago
DevOps Engineer,Runloop.ai,Full-time,Remote • United States,N/A,N/A,1 month ago
"Senior Software Engineer, AI",Runloop.ai,Full-time,Remote • United States,N/A,N/A,3 months ago
Software Engineer - iOS,Runloop.ai,Full-time,San Francisco,N/A,N/A,today
Senior Software Engineer - Android,Runloop.ai,Full-time,San Francisco,N/A,N/A,7 days ago
Senior Software Engineer - Android,Runloop.ai,Full-time,New York City,N/A,N/A,7 days ago
Senior Software Engineer,Runloop.ai,Full-time,$200k – $230k,New York City,N/A,1 month ago
Data Ops Engineer,Runloop.ai,Full-time,Remote • Pasadena,N/A,N/A,1 month ago
Sr. ML Ops Engineer,Runloop.ai,Full-time,Remote • Pasadena,N/A,N/A,2 months ago
Sr. Software Engineer,Runloop.ai,Full-time,Remote • Pasadena,N/A,N/A,3 months ago
"Senior Software Engineer, Platform",Runloop.ai,Full-time,Austin,N/A,N/A,1 week ago
Senior Software Engineer - Backend,Runloop.ai,Full-time,Austin,N/A,N/A,2 months ago
Senior Software Engineer - Java,Runloop.ai,Full-time,Tel Aviv-Yafo • Telluride,N/A,N/A,4 weeks ago
Sr. Software Engineer,Runloop.ai,Full-time,Palo Alto,N/A,N/A,1 month ago
Senior Backend Software Engineer - Virtual Travel Agent,Runloop.ai,Full-time,Tel Aviv-Yafo • Telluride,N/A,N/A,3 months ago
Backend Software Engineer - Partner Platform,Runloop.ai,Full-time,$101k – $158k,Remote • United States,N/A,1 week ago
Staff Software Engineer - Partner Platform,Runloop.ai,Full-time,$144k – $225k,Remote • United States,N/A,1 week ago
Sr. Backend Software Engineer - Data Imports,Runloop.ai,Full-time,$125k – $195k,Remote • United States,N/A,1 month ago
Software Engineer (Experienced),Runloop.ai,Full-time,$170k – $250k • 0.1% – 0.7%,New York City • San Francisco,4 years of exp,1 month ago
Senior Software Engineer,Runloop.ai,Full-time,San Francisco,N/A,N/A,2 months ago
"Senior Software Engineer, Data & ML Infrastructure",Runloop.ai,Full-time,San Francisco,N/A,N/A,3 months ago
"Software Engineer II (Frontend, Growth)",Runloop.ai,Full-time,Boston,N/A,N/A,4 days ago
Senior Software Engineer (DevOps),Runloop.ai,Full-time,Boston,N/A,N/A,3 months ago
"Staff Software Engineer (Backend, Platform)",Runloop.ai,Full-time,Boston,N/A,N/A,3 months ago
"Senior Software Engineer I, Comms Channels",Runloop.ai,Full-time,Remote • New York City+1,N/A,N/A,2 months ago
Staff Software Engineer,Runloop.ai,Full-time,Remote • New York City+1,N/A,N/A,3 months ago
"Senior Software Engineer I, Payment Integrity",Runloop.ai,Full-time,New York,N/A,N/A,3 months ago
Senior Software Engineer,Runloop.ai,Full-time,$130k – $170k,New York,N/A,3 months ago
Senior Software Engineer,Runloop.ai,Full-time,$50k – $100k • 0.01% – 1.0%,Remote • Argentina+2,8 years of exp,2 months ago
Senior Software Engineer,Runloop.ai,Full-time,San Francisco,N/A,N/A,2 months ago
"Senior Software Engineer, Data & ML Infrastructure",Runloop.ai,Full-time,San Francisco,N/A,N/A,3 months ago
Software Engineer,Runloop.ai,Full-time,Boston,N/A,N/A,7 days ago
Senior Software Engineer,Runloop.ai,Full-time,Boston,N/A,N/A,1 week ago
"Senior Software Engineer I, Comms Channels",Runloop.ai,Full-time,Remote • New York City+1,N/A,N/A,2 months ago
Staff Software Engineer,Runloop.ai,Full-time,Remote • New York City+1,N/A,N/A,3 months ago
"Senior Software Engineer I, Payment Integrity",Runloop.ai,Full-time,New York,N/A,N/A,3 months ago
Founding Software Engineer,Runloop.ai,Full-time,$120k – $180k • 0.25% – 1.0%,Remote • United States,3 years of exp,1 month ago
Staff Software Engineer (Backend),Runloop.ai,Full-time,$181k – $271k,San Francisco,N/A,4 weeks ago
Staff Software Engineer (Payments),Runloop.ai,Full-time,$160k – $250k,San Diego,N/A,1 month ago
Staff Software Engineer (Fintech),Runloop.ai,Full-time,$185k – $240k,San Francisco,N/A,2 months ago
Sr. Software Engineer,Runloop.ai,Full-time,$125k – $175k • 0.01% – 0.025%,San Francisco,3 years of exp,1 year ago
Senior Software Engineer,Runloop.ai,Full-time,$15k – $70k • 0.25% – 1.0%,Remote • Austin+1,10 years of exp,1 month ago
Backend Software Engineer,Runloop.ai,Full-time,$40k – $100k • 0.0% – 1.0%,Remote • Boston+3,1 year of exp,1 month ago
"Software Engineer, Full-Stack",Runloop.ai,Full-time,Remote • California+4,3 years of exp,N/A,3 days ago
Software Engineer (Frontend),Runloop.ai,Full-time,Atlanta,N/A,N/A,4 weeks ago
Software Engineer (Backend),Runloop.ai,Full-time,Atlanta,N/A,N/A,4 weeks ago
Engineering Manager,Runloop.ai,Full-time,Atlanta,N/A,N/A,4 weeks ago
Software Engineer - Platform,Runloop.ai,Full-time,$150k – $220k • 0.5% – 1.5%,San Francisco,N/A,4 months ago
"Senior Software Engineer, AI/ML",Runloop.ai,Full-time,$160k – $210k,Remote • San Francisco+1,5 years of exp,1 week ago
Software Engineer - Partner Engineering,Runloop.ai,Full-time,$80k – $100k,Remote • San Francisco+1,2 years of exp,1 month ago
"Software Engineer, Infrastructure",Runloop.ai,Full-time,$110k – $160k,Dallas,N/A,4 weeks ago
"Software Engineer, AI Engine / HPC",Runloop.ai,Full-time,$110k – $150k,Dallas,N/A,2 months ago
Software Engineer - ML Performance / HPC,Runloop.ai,Full-time,$110k – $140k,Dallas,N/A,6 months ago
"Staff Software Engineer, Cloud Foundations",Runloop.ai,Full-time,Remote • United States,N/A,N/A,1 week ago
Staff Data Engineer,Runloop.ai,Full-time,Remote • United States,N/A,N/A,1 month ago
"Senior Staff Software Engineer, Ads Infrastructure & Systems",Runloop.ai,Full-time,Remote • United States,N/A,N/A,3 months ago
Principal Software Engineer - Backend,Runloop.ai,Full-time,$125k – $175k,Remote • Chicago+1,8 years of exp,1 week ago
Senior Software Engineer,Runloop.ai,Full-time,$130k – $170k • 0.25% – 0.75%,Remote • Palo Alto,6 years of exp,3 months ago
Software Engineer (Embedded),Runloop.ai,Full-time,$100k – $145k,Los Angeles,N/A,1 month ago
Software Engineer (C++),Runloop.ai,Full-time,$100k – $145k,Los Angeles,N/A,1 month ago
Software Engineer (Rust),Runloop.ai,Full-time,$100k – $145k,Los Angeles,N/A,1 month ago
Senior Software Engineer,Runloop.ai,Full-time,$200k – $200k • 1.0% – 1.0%,San Francisco,8 years of exp,5 months ago
Senior Software Engineer,Runloop.ai,Full-time,$130k – $170k • 0.25% – 0.75%,Remote • Palo Alto,6 years of exp,3 months ago
"Senior Software Engineer, Network Infrastructure",Runloop.ai,Full-time,United States,N/A,N/A,1 week ago
"Staff Software Engineer, ML Infrastructure",Runloop.ai,Full-time,United States,N/A,N/A,1 week ago
"Staff Software Engineer, Trust Platform",Runloop.ai,Full-time,Remote • United States,N/A,N/A,1 week ago
Software Engineer | Full Stack,Runloop.ai,Full-time,$168k – $210k • 0.2% – 0.5%,Los Angeles • Santa Monica,N/A,2 months ago
Software Engineer | Frontend,Runloop.ai,Full-time,$135k – $180k • 0.1% – 0.5%,Remote • Santa Monica,2 years of exp,2 months ago
"Android Engineer, Core Product Team",Runloop.ai,Full-time,$185k – $210k,San Francisco,N/A,7 days ago
"Software Engineer, Systems & Reliability",Runloop.ai,Full-time,$175k – $230k,Remote • San Francisco+1,N/A,2 months ago
"Software Engineer, Machine Learning",Runloop.ai,Full-time,$185k – $240k,San Francisco,N/A,9 months ago
"Senior Software Engineer II, AI Research",Runloop.ai,Full-time,$200k – $260k,Remote • New York,N/A,1 month ago
Senior Software Engineer II,Runloop.ai,Full-time,$200k – $260k,New York,N/A,2 months ago
"Senior Software Engineer, Emerging Products (AI/LLM)",Runloop.ai,Full-time,$175k – $230k,Remote • New York,N/A,1 year ago
"Software Engineer, Cryptography",Runloop.ai,Full-time,$180k – $300k,Remote • New York City+1,N/A,7 months ago
"Software Engineer (Realtime Systems, Rust)",Runloop.ai,Full-time,$165k – $250k,Los Angeles,N/A,1 month ago
"Software Engineer, Rust",Runloop.ai,Full-time,$165k – $250k,Los Angeles,N/A,2 months ago
"Senior Software Engineer, Rust",Runloop.ai,Full-time,$165k – $250k,Los Angeles,N/A,2 months ago
Software Engineer,Runloop.ai,Full-time,Chicago,N/A,N/A,3 months ago
Senior Software Engineer,Runloop.ai,Full-time,Austin,N/A,N/A,6 months ago
Software Engineer (QA) - United Kingdom,Runloop.ai,Full-time,$80k – $80k,Remote • United States,0 years of exp,1 week ago
Software Engineer (QA),Runloop.ai,Full-time,$80k – $80k,Remote • United States,0 years of exp,2 months ago
Software Engineer - Data,Runloop.ai,Full-time,$110k – $125k,Brooklyn,N/A,1 month ago
Software Engineer II (Platform),Runloop.ai,Full-time,San Francisco,N/A,N/A,1 week ago
Senior Software Engineer (Platform),Runloop.ai,Full-time,$150k – $200k • 0.1% – 0.3%,Remote • San Francisco,4 years of exp,4 weeks ago
Software Engineer II (Full Stack),Runloop.ai,Full-time,$140k – $175k • 0.1% – 0.17%,Remote • San Francisco,2 years of exp,2 months ago
Software Engineer (Remote),Runloop.ai,Full-time,Remote • United States,N/A,N/A,1 month ago
Software Engineer,Runloop.ai,Full-time,$85k – $105k,Remote • Chicago,2 years of exp,2 months ago
"Senior Software Engineer, Frontend",Runloop.ai,Full-time,$160k – $185k,Austin • Dallas+1,7 years of exp,2 months ago
Sr Software Engineer at Super Space AI,Runloop.ai,Full-time,$120k – $180k • 0.5% – 1.0%,Remote • Austin+6,5 years of exp,2 days ago
Staff Software Engineer,Runloop.ai,Full-time,$186k – $237k,San Francisco,7 years of exp,7 months ago
Senior Software Engineer - Fullstack,Runloop.ai,Full-time,$180k – $220k,New York City,N/A,1 month ago
Senior Software Engineer - Frontend,Runloop.ai,Full-time,$150k – $220k,San Francisco,N/A,1 month ago
Senior Software Engineer - Fullstack,Runloop.ai,Full-time,$150k – $220k,San Francisco,N/A,1 month ago
Senior Software Engineer,Runloop.ai,Full-time,United Kingdom • York,N/A,N/A,1 month ago
Software Engineer - Backend,Runloop.ai,Full-time,$20k – $90k • 0.0% – 0.25%,Remote • Canada+2,8 years of exp,3 weeks ago
Staff Software Engineer,Runloop.ai,Full-time,$150k – $175k • No equity,Remote • United States,4 years of exp,3 months ago
Senior Software Engineer,Runloop.ai,Full-time,$140k – $160k,San Francisco,3 years of exp,1 month ago
Software Engineer - Backend,Runloop.ai,Full-time,$20k – $90k • 0.0% – 0.25%,Remote • Canada+2,8 years of exp,3 weeks ago
Staff Software Engineer,Runloop.ai,Full-time,$150k – $175k • No equity,Remote • United States,4 years of exp,3 months ago
Senior Software Engineer,Runloop.ai,Full-time,$100k – $150k • 1.0% – 1.0%,Remote • San Francisco Bay Area,5 years of exp,3 months ago
Senior Software Engineer,Runloop.ai,Full-time,$150k – $200k,Los Angeles • New York City+1,5 years of exp,1 month ago
Embedded Software Engineer,Runloop.ai,Full-time,$105k – $160k,Providence,3 years of exp,1 year ago
Web3 / Full-stack Software Engineer,Runloop.ai,Full-time,$140k – $180k • 0.02% – 0.4%,Remote • Dubai+3,4 years of exp,1 week ago
"Software Engineer, Frontend (SF/NYC)",Runloop.ai,Full-time,$130k – $220k,Remote • San Francisco,N/A,2 months ago
"Software Engineer, Security (SF)",Runloop.ai,Full-time,$130k – $220k,San Francisco,N/A,2 months ago
"Software Engineer, Infrastructure (Remote)",Runloop.ai,Full-time,$130k – $220k,Remote • San Francisco,N/A,3 months ago
"Senior Software Engineer I, Front End - Chart View (Remote Eligible)",Runloop.ai,Full-time,$140k – $185k,Remote • Bellevue,N/A,today
"Senior Software Engineer II, Front End - Workspaces (Remote Eligible)",Runloop.ai,Full-time,$170k – $223k,Remote • Bellevue,N/A,2 days ago
Software Engineer II,Runloop.ai,Full-time,$120k – $158k,Bellevue,N/A,3 months ago
"Senior Software Engineer, Backend",Runloop.ai,Full-time,$160k – $195k,San Francisco,N/A,1 month ago
"Senior Software Engineer, Frontend",Runloop.ai,Full-time,$160k – $195k,San Francisco,N/A,5 months ago
"Senior Software Engineer, Infrastructure",Runloop.ai,Full-time,$160k – $195k,San Francisco,N/A,5 months ago
Senior Software Engineer - Web Full-Stack,Runloop.ai,Full-time,$128k – $208k,New York,5 years of exp,today
Senior/Staff Machine Learning Engineer,Runloop.ai,Full-time,$140k – $220k,New York,5 years of exp,2 months ago
"Deployed Software Engineer - Remote, US",Runloop.ai,Full-time,$140k – $210k • 0.1% – 0.5%,Remote • Boston+20,3 years of exp,1 week ago
"Senior/Staff Software Engineer, Remote",Runloop.ai,Full-time,$80k – $125k • 0.2% – 0.4%,Remote • Encinitas+1,6 years of exp,1 month ago
Forward Deployed Engineer,Runloop.ai,Full-time,$140k – $210k • 0.1% – 0.5%,Remote • California+14,3 years of exp,1 month ago
Staff Applied AI Engineer,Runloop.ai,Full-time,$150k – $225k • 0.5% – 1.0%,Remote • San Francisco,N/A,2 months ago
Staff Software Engineer,Runloop.ai,Full-time,$150k – $225k • 0.2% – 1.0%,Remote • San Francisco,N/A,2 months ago
Backend Software Engineer - Internship,Runloop.ai,Full-time,San Francisco,N/A,N/A,2 months ago
Backend Software Engineer,Runloop.ai,Full-time,$130k – $200k,San Francisco,3 years of exp,1 year ago
Senior Software Engineer,Runloop.ai,Full-time,$130k – $200k,San Francisco,3 years of exp,3 years ago
"Senior Software Engineer II, Infrastructure Security, SRE",Runloop.ai,Full-time,Cambridge,N/A,N/A,today
Staff Software Engineer,Runloop.ai,Full-time,Remote • United States,N/A,N/A,2 months ago
Senior Software Engineer II,Runloop.ai,Full-time,Cambridge,N/A,N/A,2 months ago
"Engineer Manager, P4E",Runloop.ai,Full-time,$185k – $200k,Raleigh,N/A,1 month ago
"Software Engineer, Front End",Runloop.ai,Full-time,$105k – $120k,Raleigh,N/A,3 months ago
Sr. Sales Engineer - Enterprise,Runloop.ai,Full-time,$165k – $205k,Boston • Chicago+2,N/A,3 months ago
Senior Software Engineer,Runloop.ai,Full-time,$120k – $200k • 0.1% – 0.5%,San Francisco • Fremont,5 years of exp,1 month ago
"New Grads 2025 - Software Engineer, Algorithm",Runloop.ai,Full-time,$120k – $165k,San Jose,N/A,4 months ago
Software Engineer - Backend / Infrastructure,Runloop.ai,Full-time,$130k – $182k,San Jose,N/A,10 months ago
Senior Software Engineer - Cloud Infrastructure,Runloop.ai,Full-time,$143k – $197k,San Jose,N/A,10 months ago
Software Development Engineer in Test Intern,Runloop.ai,Full-time,New York,N/A,N/A,2 days ago
Software Engineer for Test - Exchange,Runloop.ai,Full-time,New York,N/A,N/A,4 days ago
Full Stack Software Engineer,Runloop.ai,Full-time,New York,N/A,N/A,3 months ago
Software Engineer - React Native,Runloop.ai,Full-time,$100k – $150k • 0.1% – 0.3%,Austin,3 years of exp,1 month ago
Senior Software Engineer,Runloop.ai,Full-time,$120k – $200k • 0.1% – 0.5%,San Francisco • Fremont,5 years of exp,1 month ago
Fullstack Software Engineer,Runloop.ai,Full-time,Remote • Los Angeles+1,2 years of exp,N/A,1 year ago
Software Engineer - Infrastruture,Runloop.ai,Full-time,$150k – $200k,Remote • San Francisco,N/A,2 months ago
Software Engineer - Fullstack (Core Product),Runloop.ai,Full-time,$150k – $200k,Remote • San Francisco,N/A,6 months ago
Software Engineer - ML Performance,Runloop.ai,Full-time,$150k – $250k,Remote • San Francisco,N/A,7 months ago
Founding Senior / Staff Software Engineer,Runloop.ai,Full-time,$160k – $200k • 0.25% – 0.5%,New York City,8 years of exp,3 days ago
Founding Senior Full Stack Software Engineer,Runloop.ai,Full-time,$160k – $200k • 0.25% – 0.5%,New York City,4 years of exp,3 days ago
Founding Senior ML Engineer / Data Scientist,Runloop.ai,Full-time,$160k – $200k • 0.25% – 0.5%,New York City,8 years of exp,3 days ago
Software Engineer (Backend),Runloop.ai,Full-time,$120k – $180k • 0.1% – 0.8%,Remote • Seattle+3,5 years of exp,1 month ago
Staff Software Engineer,Runloop.ai,Full-time,$118k – $235k,New York,N/A,2 months ago
Senior Front-End Software Engineer,Runloop.ai,Full-time,$102k – $202k,New York,N/A,3 months ago
Sr. Software Engineer II,Runloop.ai,Full-time,$102k – $195k,New York,N/A,6 months ago
Sr Platform Software Engineer,Runloop.ai,Full-time,$145k – $170k,Salt Lake City,N/A,1 month ago
Sr Platform Software Engineer,Runloop.ai,Full-time,$145k – $170k,Austin,N/A,1 month ago
Software Engineer (Python),Runloop.ai,Full-time,Remote • Columbus,N/A,N/A,1 month ago
Analytics Engineer,Runloop.ai,Full-time,Remote • Columbus,N/A,N/A,2 months ago
Unity3d Software Engineer,Runloop.ai,Full-time,$60k – $100k • 0.0% – 0.5%,Boston,1 year of exp,1 year ago
Backend Software Engineer,Runloop.ai,Full-time,$90k – $125k,Seattle,3 years of exp,1 month ago
Founding Software Engineer,Runloop.ai,Full-time,$165k – $225k • 0.25% – 0.75%,San Francisco • San Francisco Bay Area,6 years of exp,1 month ago
Software Engineer II,Runloop.ai,Full-time,$140k – $170k,New York,N/A,7 months ago
Ruby on Rails Software Engineer (Remote),Runloop.ai,Full-time,$100k – $121k • No equity,Remote • Alabama+106,5 years of exp,4 days ago
Software Engineer (Front End),Runloop.ai,Full-time,$80k – $150k • No equity,Remote • New York City,4 years of exp,1 month ago
Smart Contract Engineer - SVM,Runloop.ai,Full-time,$150k – $230k • No equity,Remote • New York City,5 years of exp,3 months ago
Senior Software Engineer (Backend),Runloop.ai,Full-time,$180k – $260k • No equity,Remote • New York City,5 years of exp,3 months ago
Embedded Software Engineer II - Field Support,Runloop.ai,Full-time,$122k – $132k,Foster City,N/A,7 days ago
Head of Engineering,Runloop.ai,Full-time,Novi,N/A,N/A,2 months ago
Senior Software Engineer,Runloop.ai,Full-time,Tel Aviv-Yafo • Telluride,N/A,N/A,3 weeks ago
Senior Frontend Software Engineer,Runloop.ai,Full-time,$120k – $160k • 0.0% – 0.25%,New York City,8 years of exp,3 weeks ago
Senior Backend Software Engineer / Software Architect,Runloop.ai,Full-time,$140k – $190k • 0.0% – 0.5%,New York City,8 years of exp,3 weeks ago
Senior Software Engineer,Runloop.ai,Full-time,$120k – $200k • 0.1% – 1.0%,Remote • New York City+2,6 years of exp,1 year ago
Lead Software Engineer,Runloop.ai,Full-time,$75k – $110k • 0.25% – 1.0%,Remote • San Diego,2 years of exp,3 years ago
Senior Software Engineer,Runloop.ai,Full-time,$140k – $155k • 0.05% – 0.2%,Remote • Philadelphia+1,5 years of exp,1 month ago
Senior Software Engineer,Runloop.ai,Full-time,$120k – $200k • 0.1% – 1.0%,Remote • New York City+2,6 years of exp,1 year ago
Front-End Software Engineer (Remote),Runloop.ai,Full-time,$40k – $80k • 0.0% – 1.0%,Remote • Argentina+15,1 year of exp,1 month ago
Front-End Software Engineer,Runloop.ai,Full-time,$20k – $60k • 0.0% – 1.0%,Remote • New York,1 year of exp,1 month ago
Back-End Software Engineer,Runloop.ai,Full-time,$40k – $80k • 0.0% – 1.0%,Remote • Argentina+15,1 year of exp,2 months ago
Sr. Software Engineer,Runloop.ai,Full-time,$130k – $160k • 0.0% – 0.5%,Remote • New York City,4 years of exp,1 month ago
Data Engineer Manager,Runloop.ai,Full-time,$130k – $190k • No equity,Los Angeles • New York City+1,5 years of exp,1 week ago
"Software Engineer, Product",Runloop.ai,Full-time,$100k – $150k • No equity,Los Angeles • New York City+1,2 years of exp,2 months ago
Senior Software Engineer - Golang,Runloop.ai,Full-time,$140k – $180k,Carlsbad,N/A,1 month ago
"Software Engineer, Realtime Compute",Runloop.ai,Full-time,$189k – $231k,Remote • Canada+1,6 years of exp,3 months ago
"Staff Software Engineer, Realtime Serving",Runloop.ai,Full-time,$216k – $258k,Remote • Canada+1,5 years of exp,3 months ago
"Staff Software Engineer, Batch Compute",Runloop.ai,Full-time,$216k – $258k,Remote • Canada+1,8 years of exp,3 months ago
"Staff Software Engineer, Backend",Runloop.ai,Full-time,$180k – $260k,San Jose,8 years of exp,2 months ago
"Senior Software Engineer, Fullstack",Runloop.ai,Full-time,$160k – $220k,New York,5 years of exp,2 months ago
"Senior Software Engineer, Backend",Runloop.ai,Full-time,$160k – $220k,San Jose,5 years of exp,2 months ago
Software Engineer (US),Runloop.ai,Full-time,$200k – $220k,Sunnyvale,N/A,2 months ago
"Software Engineer, Distributed Data Systems (US)",Runloop.ai,Full-time,$215k – $250k,Sunnyvale,N/A,5 months ago
"Staff Software Engineer, Open Source (US)",Runloop.ai,Full-time,$230k – $250k,Sunnyvale,N/A,7 months ago
Lead Software Engineer,Runloop.ai,Full-time,Remote • Boston,N/A,N/A,1 year ago
Senior Software Engineer,Runloop.ai,Full-time,Boston,N/A,N/A,3 years ago
Growth Engineer,Runloop.ai,Full-time,New York City,N/A,N/A,4 years ago
Senior Software Engineer,Runloop.ai,Full-time,$250k – $330k • No equity,San Francisco,6 years of exp,2 months ago
Founding Software Engineer,Runloop.ai,Full-time,Chicago,2 years of exp,N/A,1 year ago
Software Engineer - Edge Applications,Runloop.ai,Full-time,$144k – $173k,Denver,N/A,1 month ago
Software Engineer - Edge Applications,Runloop.ai,Full-time,$144k – $173k,New York City,N/A,1 month ago
Software Engineer - Edge Applications,Runloop.ai,Full-time,$144k – $173k,San Francisco,N/A,1 month ago
Full Stack Software Engineer,Runloop.ai,Full-time,$110k – $140k • 0.1% – 0.3%,Mountain View,0 years of exp,1 year ago
Software Engineer - DevOps,Runloop.ai,Full-time,Redwood City,N/A,N/A,1 week ago
"Senior Software Engineer, Platform - Data + AI (Back-End)",Runloop.ai,Full-time,$145k – $187k,Redwood City,N/A,2 months ago
"Lead Software Engineer, Full Stack - Applications",Runloop.ai,Full-time,Redwood City,N/A,N/A,10 months ago
Senior Software Engineer - Simulation,Runloop.ai,Full-time,South San Francisco,N/A,N/A,1 week ago
"Senior Software Engineer, Simulation Tooling",Runloop.ai,Full-time,South San Francisco,N/A,N/A,1 week ago
Principal Software Engineer,Runloop.ai,Full-time,South San Francisco,N/A,N/A,3 months ago
Senior Software Engineer,Runloop.ai,Full-time,$151k – $211k,Mountain View,N/A,2 months ago
Staff Software Engineer,Runloop.ai,Full-time,$140k – $228k,Mountain View,N/A,2 months ago
"Staff Software Engineer, Data Platform",Runloop.ai,Full-time,$163k – $231k,Mountain View,N/A,4 months ago
Software Engineer II,Runloop.ai,Full-time,Boston,N/A,N/A,7 days ago
Senior Software Engineer,Runloop.ai,Full-time,Boston,N/A,N/A,1 week ago
Software Engineer I,Runloop.ai,Full-time,Boston,N/A,N/A,3 weeks ago
Scientific Software Engineer,Runloop.ai,Full-time,$120k – $180k,Remote • San Francisco,N/A,4 months ago
Staff Software Engineer - GenAI,Runloop.ai,Full-time,$161k – $242k,United States • Flexanville,N/A,3 months ago
Senior Software Engineer,Runloop.ai,Full-time,$150k – $220k • 0.2% – 0.5%,San Francisco,5 years of exp,3 months ago
Staff Software Engineer - GenAI,Runloop.ai,Full-time,$161k – $242k,United States • Flexanville,N/A,3 months ago
Staff Data Engineer,Runloop.ai,Full-time,$150k – $200k,Remote • United States,8 years of exp,2 months ago
Senior Software Engineer,Runloop.ai,Full-time,$185k – $225k,Remote • United States,6 years of exp,2 months ago
"Senior Software Engineer, Backend",Runloop.ai,Full-time,Seattle,N/A,N/A,today
"Senior Software Engineer, Backend",Runloop.ai,Full-time,Los Angeles,N/A,N/A,today
"Senior Software Engineer, Backend",Runloop.ai,Full-time,New York City,N/A,N/A,today
"Senior Software Engineer, Policy",Runloop.ai,Full-time,United States • East Coast Garden,N/A,N/A,1 month ago
Senior Software Engineer,Runloop.ai,Full-time,Washington DC • Washington+2,N/A,N/A,1 month ago
Senior Software Engineer (Lead Engineer),Runloop.ai,Full-time,Remote • United States,N/A,N/A,3 months ago
Backend Software Engineer,Runloop.ai,Full-time,$130k – $160k,Remote • New York City,7 years of exp,3 months ago
"Senior Software Engineer, Frontend",Runloop.ai,Full-time,Remote • New York City,N/A,N/A,yesterday
"Staff Software Engineer, Backend (AI)",Runloop.ai,Full-time,Remote • New York City,N/A,N/A,yesterday
"Senior Software Engineer, Mobile",Runloop.ai,Full-time,Remote • New York City,N/A,N/A,3 days ago
Software Engineer (Early Employee),Runloop.ai,Full-time,$90k – $150k • 1.0% – 3.0%,New York City • Philadelphia+1,3 years of exp,4 weeks ago
Lead Quality Engineer,Runloop.ai,Full-time,Dayton,N/A,N/A,1 week ago
Software Engineer,Runloop.ai,Full-time,Dayton,N/A,N/A,1 month ago
Senior Software Engineer,Runloop.ai,Full-time,Dayton,N/A,N/A,2 months ago
Staff Software Engineer,Runloop.ai,Full-time,San Francisco,N/A,N/A,1 month ago
Senior Engineer,Runloop.ai,Full-time,$120k – $200k,Remote • San Francisco,5 years of exp,3 years ago
Software Engineer (Platform),Runloop.ai,Full-time,$60k – $100k • 0.0% – 0.2%,Remote • Argentina+3,3 years of exp,2 months ago
Senior Software Engineer - Vector Search,Runloop.ai,Full-time,$150k – $230k,New York City,N/A,1 month ago
Lead AI Platform Engineer,Runloop.ai,Full-time,$190k – $240k,New York City,N/A,1 month ago
Lead Full-Stack Engineer (AI),Runloop.ai,Full-time,$175k – $230k,New York City,N/A,1 month ago
AI Research Engineer,Runloop.ai,Full-time,Redwood City,3 years of exp,N/A,2 months ago
Senior Software Engineer - ML Data Analytics (On-site),Runloop.ai,Full-time,0.0% – 0.2%,Redwood City,5 years of exp,2 months ago
Senior Software Engineer,Runloop.ai,Full-time,San Francisco,5 years of exp,N/A,2 months ago
Software Engineer,Runloop.ai,Full-time,Indianapolis,N/A,N/A,1 month ago
Junior Software Engineer,Runloop.ai,Full-time,$60k – $80k • 0.0% – 0.5%,Remote • Canada+1,1 year of exp,2 months ago
Founding Software Engineer [Backend],Runloop.ai,Full-time,$100k – $150k • 0.1% – 1.0%,San Francisco,2 years of exp,2 months ago
Senior Software Engineer,Runloop.ai,Full-time,$140k – $220k • 0.1% – 0.5%,Remote • Chicago+3,1 year of exp,3 months ago
Senior Software Engineer,Runloop.ai,Full-time,$170k – $225k,New York,N/A,2 months ago
Software Engineer - Infrastructure,Runloop.ai,Full-time,San Francisco,N/A,N/A,1 month ago
Senior Software Engineer - Infrastructure,Runloop.ai,Full-time,San Francisco,N/A,N/A,1 month ago
Ground Software Engineer — Associate (Summer 2025),Runloop.ai,Full-time,San Francisco,N/A,N/A,1 month ago
Senior Backend Software Engineer,Runloop.ai,Full-time,Seattle,N/A,N/A,7 days ago
Senior Software Engineer - Moloco Commerce Media,Runloop.ai,Full-time,Redwood City,N/A,N/A,3 months ago
"Senior Software Engineer, Data Engineering - Moloco Commerce Media",Runloop.ai,Full-time,Redwood City,N/A,N/A,8 months ago
"Software Engineer (Backend, Java)",Runloop.ai,Full-time,New York City,N/A,N/A,7 days ago
"Senior Software Engineer (Backend, Java)",Runloop.ai,Full-time,New York City,N/A,N/A,7 days ago
Integrations Engineer,Runloop.ai,Full-time,New York City,N/A,N/A,5 months ago
Full Stack Software Engineer,Runloop.ai,Full-time,$70k – $100k,Philadelphia,2 years of exp,2 months ago
Staff Software Engineer,Runloop.ai,Full-time,$180k – $200k,Remote • Only,N/A,2 months ago
Senior Software Engineer (Cloud & DevOps) - Contract to Hire,Runloop.ai,N/A,$170k – $200k,San Jose,N/A,5 months ago
Senior Software Engineer (Frontend),Runloop.ai,Full-time,$170k – $220k • 0.01% – 0.01%,San Jose,5 years of exp,1 year ago
Full Stack Software Engineer,Runloop.ai,Full-time,$75k – $150k • 0.1% – 0.6%,Remote • New York City,6 years of exp,1 year ago
Senior iOS Engineer,Runloop.ai,Full-time,Remote • Los Angeles,N/A,N/A,1 month ago
Senior Software Engineer,Runloop.ai,Full-time,Remote • Los Angeles,N/A,N/A,1 month ago
Join the Jump Engineering Talent Pool,Runloop.ai,Full-time,Remote • Los Angeles,N/A,N/A,11 months ago
"Senior Software Engineer, Backend",Runloop.ai,Full-time,$120k – $170k • No equity,Remote • Boston,3 years of exp,1 month ago
"Staff Software Engineer, Education",Runloop.ai,Full-time,Redwood City,N/A,N/A,3 weeks ago
"Staff Software Engineer, Science",Runloop.ai,Full-time,Redwood City,N/A,N/A,2 months ago
"Senior Staff Software Engineer, Science",Runloop.ai,Full-time,Redwood City,N/A,N/A,3 months ago
Staff Software Engineer,Runloop.ai,Full-time,Sunnyvale,N/A,N/A,2 months ago
"Senior Software Engineer, Neo4j",Runloop.ai,Full-time,Sunnyvale,N/A,N/A,2 months ago
"Senior Software Engineer, Containers",Runloop.ai,Full-time,Sunnyvale,N/A,N/A,2 months ago
Senior Systems Engineer -Spacecraft/ Lunar Lander,Runloop.ai,Full-time,Englewood,N/A,N/A,today
Lead Propulsion Engineer,Runloop.ai,Full-time,Englewood,N/A,N/A,7 days ago
Embedded Software Engineer,Runloop.ai,Full-time,Englewood,N/A,N/A,4 weeks ago
Software Engineer - Treasury Infrastructure,Runloop.ai,Full-time,$150k – $250k,New York,N/A,2 months ago
Software Engineer - Treasury Infrastructure,Runloop.ai,Full-time,$150k – $250k,Chicago,N/A,2 months ago
FPGA Software Engineer,Runloop.ai,Full-time,$175k – $250k,New York,N/A,4 years ago
"Senior Software Engineer, Sage Home Loans",Runloop.ai,Full-time,Fort Mill,N/A,N/A,1 month ago
Senior Software Engineer | The Points Guy,Runloop.ai,Full-time,Remote • New York+1,N/A,N/A,1 month ago
Senior Software Engineer | MYMOVE,Runloop.ai,Full-time,Charlotte,N/A,N/A,7 months ago
Staff Software Engineer,Runloop.ai,Full-time,$170k – $220k,New York City,8 years of exp,2 months ago
Digital Signal Processing (DSP) Engineer,Runloop.ai,Full-time,$100k – $170k,Austin,N/A,2 days ago
Full Stack Application Software Engineer,Runloop.ai,Full-time,$120k – $180k,Austin,2 years of exp,1 month ago
Robotics Software Engineer,Runloop.ai,Full-time,$125k – $200k,Austin,2 years of exp,1 month ago
Product Manager,Runloop.ai,Full-time,$120k – $180k • 0.2% – 0.8%,Remote • San Francisco,3 years of exp,1 month ago
Software Engineer | Backend,Runloop.ai,Full-time,$150k – $200k • 0.2% – 0.8%,Remote • San Francisco,5 years of exp,1 month ago
Software Engineer | Full Stack,Runloop.ai,Full-time,$150k – $200k • 0.2% – 0.8%,Remote • San Francisco,5 years of exp,1 month ago
Software Engineer (Data),Runloop.ai,Full-time,$100k – $140k • 0.5% – 1.5%,Atlanta,2 years of exp,1 year ago
Senior Software Engineer,Runloop.ai,Full-time,$130k – $140k,Remote • Charlottesville,5 years of exp,1 month ago
Senior Software Engineer,Runloop.ai,Full-time,$180k – $210k,Remote • New York City,4 years of exp,2 months ago
Senior Software Engineer,Runloop.ai,Full-time,$150k – $200k,Denver,N/A,2 years ago
Senior Software Engineer - Backend,Runloop.ai,Full-time,San Francisco • Washington,N/A,N/A,2 years ago
Senior Software Engineer - Fullstack,Runloop.ai,Full-time,San Francisco • Washington,N/A,N/A,2 years ago
Senior Software Engineer - Frontend,Runloop.ai,Full-time,San Francisco • Washington,N/A,N/A,3 years ago
Staff Software Engineer (Roots),Runloop.ai,Full-time,$180k – $225k • 15.0% – 15.0%,Remote • Austin+6,6 years of exp,1 month ago
"Software Engineer, Senior (SOX)",Runloop.ai,Full-time,$160k – $200k • 15.0% – 15.0%,Remote • Austin+6,5 years of exp,1 month ago
"Software Engineer, Senior (Inventory)",Runloop.ai,Full-time,$160k – $200k • 15.0% – 15.0%,Remote • Austin+7,5 years of exp,1 month ago
Observability - Ingest - Software Engineer II (Fullstack),Runloop.ai,Full-time,$111k – $176k,United States,N/A,4 days ago
"Control Plane - Software Engineer II - UI, Typescript, IAM",Runloop.ai,Full-time,$111k – $176k,United States,N/A,7 days ago
"Elasticsearch - Senior Software Engineer - Lucene, Solr, JVM",Runloop.ai,Full-time,$133k – $211k,United States,N/A,1 month ago
Staff Software Engineer (Roots),Runloop.ai,Full-time,$180k – $225k • 15.0% – 15.0%,Remote • Austin+6,6 years of exp,1 month ago
"Software Engineer, Senior (SOX)",Runloop.ai,Full-time,$160k – $200k • 15.0% – 15.0%,Remote • Austin+6,5 years of exp,1 month ago
"Software Engineer, Senior (Inventory)",Runloop.ai,Full-time,$160k – $200k • 15.0% – 15.0%,Remote • Austin+7,5 years of exp,1 month ago
Senior 3D Software Engineer,Runloop.ai,Full-time,$165k – $230k,Los Angeles,N/A,4 months ago
Software Engineer - iOS,Runloop.ai,Full-time,$70k – $130k,Remote • Texas,4 years of exp,1 year ago
Machine Learning Engineer,Runloop.ai,Full-time,$125k – $170k,Remote • Texas,3 years of exp,1 year ago
Sr Software Engineer - Android,Runloop.ai,Full-time,$60k – $120k,Remote • Texas,N/A,2 years ago
Software Engineer w/ potential for Global Rotation,Runloop.ai,Full-time,Palo Alto,N/A,N/A,7 days ago
Full Stack Engineer,Runloop.ai,Full-time,Palo Alto,N/A,N/A,1 week ago
"Software Engineer II, Backend",Runloop.ai,Full-time,Palo Alto,N/A,N/A,7 months ago
Software Engineer III (Communications Platform),Runloop.ai,Full-time,New York,N/A,N/A,3 days ago
Software Engineer II (Patient Communications),Runloop.ai,Full-time,Remote • New York,N/A,N/A,2 months ago
C++ Software Engineer,Runloop.ai,Full-time,$145k – $160k,Remote • Portland+1,5 years of exp,1 month ago
Senior Software Engineer (SF),Runloop.ai,Full-time,$160k – $190k,San Francisco,N/A,4 months ago
Senior / Staff Software Engineer,Runloop.ai,Full-time,$150k – $250k,New York,N/A,1 month ago
Sr. Software Engineer,Runloop.ai,Full-time,$150k – $200k,New York City • San Francisco,4 years of exp,2 months ago
AI Software Engineer,Runloop.ai,Full-time,$145k – $220k,Palo Alto,3 years of exp,2 months ago
"Principal Software Engineer, Nuna App",Runloop.ai,Full-time,$223k – $273k,Remote • San Francisco,N/A,1 month ago
"Lead Software Engineer, Nuna App",Runloop.ai,Full-time,$188k – $231k,Remote • San Francisco,N/A,1 month ago
"Senior Software Engineer, Recommendations",Runloop.ai,Full-time,$166k – $182k,Seattle,N/A,2 months ago
Software Engineer,Runloop.ai,Full-time,Remote • Burlingame,N/A,N/A,3 months ago
Senior Software Engineer,Runloop.ai,Full-time,Remote • Burlingame,N/A,N/A,4 months ago
Senior Software Engineer,Runloop.ai,Full-time,Remote • Boston,N/A,N/A,4 months ago
Frontend Software Engineer - Application Development,Runloop.ai,Full-time,$120k – $160k,Palo Alto,3 years of exp,1 month ago
Backend Software Engineer - Application Development,Runloop.ai,Full-time,$120k – $160k • 0.0% – 0.003%,Palo Alto,3 years of exp,3 months ago
Electronic Warfare Software Engineer,Runloop.ai,Full-time,$180k – $210k • 0.0% – 0.003%,El Segundo,5 years of exp,3 months ago
"Senior Bioinformatics Engineer, Pipeline",Runloop.ai,Full-time,Austin,N/A,N/A,4 years ago
Senior Software Engineer,Runloop.ai,Full-time,New York City,N/A,N/A,4 years ago
Staff Software Engineer - Gen AI,Runloop.ai,Full-time,$170k – $250k • 1.0% – 3.0%,San Francisco,N/A,2 months ago
"Senior Software Engineer, Backend",Runloop.ai,Full-time,$160k – $200k,Remote • Dallas,N/A,3 months ago
"Senior Software Engineer, Fullstack",Runloop.ai,Full-time,$150k – $190k,Remote • Dallas,N/A,3 months ago
Senior Site Reliability Engineer,Runloop.ai,Full-time,$150k – $190k,Remote • Dallas,N/A,3 months ago
Senior Software Engineer (Full Stack),Runloop.ai,Full-time,$150k – $200k,Austin,N/A,3 days ago
Software Engineer (Staff),Runloop.ai,Full-time,$172k – $200k,Remote • Austin,10 years of exp,7 months ago
Software Engineer (Fullstack),Runloop.ai,Full-time,$140k – $157k,Remote • Austin,4 years of exp,7 months ago
Computer Vision Engineer,Runloop.ai,Full-time,San Francisco,N/A,N/A,1 month ago
Computer Vision Engineer,Runloop.ai,Full-time,Pittsburgh,N/A,N/A,1 month ago
Embedded Software Engineer,Runloop.ai,Full-time,San Francisco,N/A,N/A,3 months ago
Lead Web Full Stack Engineer (Las Vegas),Runloop.ai,Full-time,Las Vegas,N/A,N/A,1 week ago
Senior Software Engineer - Backend,Runloop.ai,Full-time,Las Vegas,N/A,N/A,3 months ago
Senior Software Engineer (Mobile SDK),Runloop.ai,Full-time,Las Vegas,N/A,N/A,3 months ago
Senior Software Engineer,Runloop.ai,Full-time,Overland Park,N/A,N/A,1 month ago
Facilities Coordinator,Runloop.ai,Full-time,United States • San Francisco,N/A,N/A,3 days ago
Staff Software Engineer,Runloop.ai,Full-time,United States • San Francisco,N/A,N/A,1 month ago
Senior Bioinformatics Engineer,Runloop.ai,Full-time,United States • San Francisco,N/A,N/A,1 month ago
Space Embedded Software Engineer,Runloop.ai,Full-time,$100k – $160k,Los Angeles,N/A,3 months ago
Space Test Software Engineer,Runloop.ai,Full-time,$90k – $140k,Los Angeles,N/A,3 months ago
Ground Software Engineer,Runloop.ai,Full-time,$100k – $170k,Los Angeles,N/A,7 months ago
Founding Software Engineer,Runloop.ai,Full-time,$130k – $180k • 0.3% – 1.0%,San Francisco,3 years of exp,2 months ago
Founding Full-Stack Software Engineer,Runloop.ai,Full-time,$130k – $200k • 0.5% – 1.0%,San Francisco,6 years of exp,1 month ago
Founding Software Engineer,Runloop.ai,Full-time,$130k – $160k • 0.25% – 1.0%,San Francisco,3 years of exp,2 months ago
Full-Stack Software Engineer,Runloop.ai,Full-time,$105k – $125k • No equity,Remote • Los Angeles,0 years of exp,2 months ago
Backend Software Engineer,Runloop.ai,Full-time,$105k – $125k • No equity,Remote • Los Angeles,1 year of exp,2 months ago
Frontend Software Engineer,Runloop.ai,Full-time,$105k – $125k • No equity,Remote • Los Angeles,1 year of exp,2 months ago
"Senior Software Engineer, Back Office",Runloop.ai,Full-time,Remote • Berkeley,N/A,N/A,1 month ago
"Staff Software Engineer, Data Engineering",Runloop.ai,Full-time,Remote • Berkeley,N/A,N/A,3 months ago
"Staff Software Engineer, Securities Engineering",Runloop.ai,Full-time,Remote • Berkeley,N/A,N/A,3 months ago
"Full Stack Software Engineer (Performance, Scaling and DevOps )",Runloop.ai,Full-time,Seattle,N/A,N/A,1 month ago
Full Stack Software Engineer,Runloop.ai,Full-time,Seattle,N/A,N/A,1 month ago
Senior Full Stack Software Engineer,Runloop.ai,Full-time,Seattle,N/A,N/A,1 month ago
"Senior Frontend Software Engineer – Santa Clara, CA",Runloop.ai,Full-time,Santa Clara,N/A,N/A,yesterday
"Software Engineer, Destinations",Runloop.ai,Full-time,Remote • San Francisco,N/A,N/A,4 months ago
"Software Engineer, Marketplace",Runloop.ai,Full-time,San Francisco,N/A,N/A,4 months ago
"Software Engineer, Developer Experience",Runloop.ai,Full-time,San Francisco,N/A,N/A,5 months ago
Staff Software Engineer (Backend),Runloop.ai,Full-time,$140k – $170k • 0.05% – 0.5%,Remote • New York City,3 years of exp,2 months ago
Senior Software Engineer (Infrastructure),Runloop.ai,Full-time,$140k – $170k • 0.05% – 0.5%,Remote • New York City,3 years of exp,2 months ago
Senior Backend Engineer,Runloop.ai,Full-time,$130k – $160k • 0.15% – 0.6%,New York City,3 years of exp,2 months ago
Senior Software Engineer - Infrastructure,Runloop.ai,Full-time,$165k – $248k,Boulder,N/A,3 months ago
Senior Software Engineer - Data Platform,Runloop.ai,Full-time,$182k – $210k,Seattle,N/A,5 months ago
Senior Software Engineer,Runloop.ai,Full-time,$124k – $227k,Bellevue,N/A,9 months ago
Software Engineer (Back End),Runloop.ai,Full-time,$120k – $200k • 0.1% – 1.0%,San Francisco,1 year of exp,2 years ago
Senior Software Engineer - Integrations,Runloop.ai,Full-time,$140k – $160k • 0.01% – 1.0%,Remote • New York City,5 years of exp,3 months ago
Staff Software Engineer - Rust,Runloop.ai,Full-time,$160k – $230k • 0.3% – 0.6%,New York City,N/A,7 months ago
"Software Engineer, Observability (Backend)",Runloop.ai,Full-time,San Francisco,N/A,N/A,3 months ago
Software Engineer (Ray Data),Runloop.ai,Full-time,San Francisco,N/A,N/A,2 years ago
Software Engineer - Model Serving Infrastructure,Runloop.ai,Full-time,San Francisco,N/A,N/A,3 years ago
Head of Engineering,Runloop.ai,Full-time,$282k – $318k,Novi,10 years of exp,2 months ago
Software Engineer III,Runloop.ai,Full-time,$145k – $160k,Foster City,5 years of exp,2 months ago
Lead Software Engineer,Runloop.ai,Full-time,Boston • Washington DC+4,N/A,N/A,3 months ago
Senior Machine Learning Engineer,Runloop.ai,Full-time,Remote • Boston+4,N/A,N/A,1 year ago
Principal Machine Learning Engineer,Runloop.ai,Full-time,Boston • Washington DC+3,N/A,N/A,1 year ago
"Software Engineer, Machine Learning",Runloop.ai,Full-time,$120k – $250k • No equity,Remote • Atlanta,5 years of exp,1 month ago
"Software Engineer, Enterprise",Runloop.ai,Full-time,£60k – £100k,Washington DC • London+1,N/A,7 years ago
Senior Platform Software Engineer,Runloop.ai,Full-time,£70k – £110k,Washington DC • London+1,5 years of exp,7 years ago
Senior Software Engineer - UI Software (C++/Python),Runloop.ai,Full-time,$156k – $185k,San Mateo,N/A,1 month ago
Senior Software Engineer - Platform C++,Runloop.ai,Full-time,$156k – $185k,San Mateo,N/A,1 month ago
Staff Software Engineer - Platform C++,Runloop.ai,Full-time,$170k – $210k,San Mateo,N/A,8 months ago
"Senior Software Engineer, Backend",Runloop.ai,Full-time,$170k – $225k,New York City • San Francisco,N/A,2 years ago
"Senior Software Engineer, Frontend",Runloop.ai,Full-time,$170k – $225k,New York City • San Francisco,N/A,2 years ago
"Senior Software Engineer, Full Stack",Runloop.ai,Full-time,$170k – $225k,New York City • San Francisco,N/A,2 years ago
"Senior Software Engineer, Compute Infrastructure",Runloop.ai,Full-time,Berkeley,N/A,N/A,2 days ago
Staff Software Engineer,Runloop.ai,Full-time,New York City,N/A,N/A,8 months ago
Senior Software Engineer,Runloop.ai,Full-time,New York City,N/A,N/A,8 months ago
"Software Engineer, Product",Runloop.ai,Full-time,Remote • San Francisco,N/A,N/A,4 weeks ago
"Software Engineer, Platform",Runloop.ai,Full-time,Remote • San Francisco,N/A,N/A,1 year ago
"Backend Engineer, Fundamentals",Runloop.ai,Full-time,Oakland,N/A,N/A,2 days ago
Senior SDK Software Engineer,Runloop.ai,Full-time,Oakland,N/A,N/A,2 weeks ago
"Staff Software Engineer, JavaScript SDK",Runloop.ai,Full-time,Oakland,N/A,N/A,1 month ago
Software Engineer - Vendor Management,Runloop.ai,Full-time,$125k – $220k,San Francisco,N/A,2 months ago
Software Engineer (Experienced) - Contact Data,Runloop.ai,Full-time,$125k – $220k,New York,N/A,2 months ago
Software Engineer - Scheduling,Runloop.ai,Full-time,$125k – $220k,San Francisco,N/A,3 months ago
Remote Software Engineer,Runloop.ai,Full-time,Remote • United States,5 years of exp,N/A,9 months ago
Sr. Software Engineer - Backend,Runloop.ai,Full-time,United States,N/A,N/A,3 months ago
"Senior Software Engineer, Backend",Runloop.ai,Full-time,Washington DC,N/A,N/A,3 months ago
Founding Software Engineer,Runloop.ai,Full-time,$120k – $180k • 0.5% – 5.0%,New York City,3 years of exp,2 months ago
Full-Stack Engineer,Runloop.ai,Full-time,$120k – $160k,New York City,2 years of exp,1 month ago
Frontend Software Engineer,Runloop.ai,Full-time,$120k – $160k,New York City,3 years of exp,2 months ago
"Staff Software Engineer, Core Serving Infra",Runloop.ai,Full-time,$161k – $330k,Remote • San Francisco,N/A,1 week ago
"Principal Software Engineer, Ads Infrastructure",Runloop.ai,Full-time,$274k – $480k,San Francisco • Palo Alto,N/A,6 months ago
"Sr Staff Software Engineer, Ads Retrieval & Targeting Infrastructure",Runloop.ai,Full-time,$201k – $413k,Seattle • San Francisco+1,N/A,8 months ago
Staff Software Engineer,Runloop.ai,Full-time,Remote • United States,N/A,N/A,7 months ago
Staff Software Engineer,Runloop.ai,Full-time,Alameda,N/A,N/A,3 months ago
Senior Mechanical Design Engineer,Runloop.ai,Full-time,Alameda,N/A,N/A,3 months ago
Senior Controls Engineer,Runloop.ai,Full-time,Alameda,N/A,N/A,3 months ago
Senior Full-Stack Engineer,Runloop.ai,Full-time,$175k – $225k,San Francisco,N/A,7 months ago
Senior Backend Software Engineer,Runloop.ai,Full-time,San Francisco,N/A,N/A,10 months ago
Staff Backend Software Engineer,Runloop.ai,Full-time,$170k – $250k • 0.2% – 0.5%,San Francisco,6 years of exp,1 year ago
Senior Full Stack Software Engineer,Runloop.ai,Full-time,$145k – $185k,Remote • San Francisco+1,5 years of exp,1 month ago
Senior Infrastructure Engineer,Runloop.ai,Full-time,$145k – $185k,Remote • San Francisco+1,5 years of exp,2 months ago
Founding Software Engineer,Runloop.ai,Full-time,San Francisco Bay Area,4 years of exp,N/A,1 month ago
Full Stack Software Engineer II,Runloop.ai,Full-time,Austin,N/A,N/A,4 days ago
Software Engineer II - Data Plane,Runloop.ai,Full-time,Austin,N/A,N/A,1 week ago
Senior Data Engineer,Runloop.ai,Full-time,Austin,N/A,N/A,3 months ago
Senior Full-Stack Engineer,Runloop.ai,Full-time,$175k – $225k,San Francisco,N/A,7 months ago
Senior Backend Software Engineer,Runloop.ai,Full-time,San Francisco,N/A,N/A,10 months ago
Staff Backend Software Engineer,Runloop.ai,Full-time,$170k – $250k • 0.2% – 0.5%,San Francisco,6 years of exp,1 year ago
Full Stack Software Engineer (Django / React),Runloop.ai,Full-time,$105k – $150k • 0.05% – 0.1%,Remote • United States,5 years of exp,1 month ago
Full Stack Software Engineer II,Runloop.ai,Full-time,Austin,N/A,N/A,4 days ago
Software Engineer II - Data Plane,Runloop.ai,Full-time,Austin,N/A,N/A,1 week ago
Senior Data Engineer,Runloop.ai,Full-time,Austin,N/A,N/A,3 months ago
Product Manager - 0x API,Runloop.ai,Full-time,$120k – $180k • 0.07% – 0.12%,Remote • San Francisco,3 years of exp,1 month ago
Senior Data Engineer,Runloop.ai,Full-time,$95k – $230k,Remote • San Francisco,N/A,2 months ago
"Senior Software Engineer, Pricing",Runloop.ai,Full-time,$95k – $230k,San Francisco,N/A,4 months ago
Lead Software Engineer,Runloop.ai,Full-time,Remote • California+4,N/A,N/A,3 years ago
Principal Software Engineer,Runloop.ai,Full-time,Remote • California+4,N/A,N/A,3 years ago
Senior Software Engineer,Runloop.ai,Full-time,Remote • California+4,N/A,N/A,3 years ago
Senior Software Engineer - (Full-Stack),Runloop.ai,Full-time,$150k – $160k,Broomfield,N/A,2 months ago
Front End Software Engineer,Runloop.ai,Full-time,$80k – $150k • 0.1% – 2.5%,Remote • San Jose,N/A,3 years ago
Quality Engineer,Runloop.ai,Full-time,$105k – $120k,Lehi,N/A,1 week ago
"Senior Software Engineer II, Supply Chain",Runloop.ai,Full-time,$180k – $222k,Remote • Lehi,N/A,1 week ago
Lead Software Engineer (Kubernetes),Runloop.ai,Full-time,McLean,N/A,N/A,1 month ago
Lead Software Engineer,Runloop.ai,Full-time,McLean,N/A,N/A,2 months ago
Senior Software Engineer,Runloop.ai,Full-time,McLean,N/A,N/A,3 months ago
Senior Software Engineer (Backend),Runloop.ai,Full-time,$0k – $230k,Mountain View,N/A,2 months ago
Staff Software Engineer (Backend),Runloop.ai,Full-time,$220k – $260k,Mountain View,N/A,2 months ago
"Software Engineer (Full Stack, Support)",Runloop.ai,Full-time,$55k – $90k,Remote • San Francisco,4 years of exp,2 months ago
"Senior Software Engineer, Rust",Runloop.ai,Full-time,$195k – $275k • 0.0% – 0.025%,San Francisco,5 years of exp,5 months ago
"Software Engineer, Data Infrastructure (US)",Runloop.ai,Full-time,$150k – $220k,Remote • Mountain View,N/A,4 weeks ago
"Software Engineer, Backend",Runloop.ai,Full-time,United States,N/A,N/A,1 month ago
Senior Software Engineer- Backend,Runloop.ai,Full-time,United States,N/A,N/A,1 month ago
Staff Software Engineer - Integrations Services,Runloop.ai,Full-time,United States,N/A,N/A,7 months ago
Senior Software Engineer,Runloop.ai,Full-time,Remote • United States,N/A,N/A,2 months ago
Backend Software Engineer - Email Security,Runloop.ai,Full-time,$110k – $170k • 0.01% – 0.1%,California • United States+1,2 years of exp,4 years ago
"Senior Software Engineer, Mobile",Runloop.ai,Full-time,Remote • New York,N/A,N/A,2 years ago
"Senior Software Engineer, Frontend",Runloop.ai,Full-time,Remote • New York,N/A,N/A,2 years ago
Senior Mechanical Engineer,Runloop.ai,Full-time,San Francisco,N/A,N/A,1 week ago
Senior Data Engineer,Runloop.ai,Full-time,$153k – $174k,San Francisco,N/A,1 week ago
Senior Software Engineer / Full Stack Engineer,Runloop.ai,Full-time,$149k – $190k,San Francisco,N/A,3 months ago
Forward Deployed Software Engineer,Runloop.ai,Full-time,$150k – $200k,Remote • California+9,4 years of exp,1 month ago
"Senior Software Engineer, Infrastructure",Runloop.ai,Full-time,$160k – $195k,New York City • San Francisco,N/A,4 months ago
Senior Software Engineer - Backend NYC,Runloop.ai,Full-time,$170k – $205k,New York City,N/A,3 weeks ago
